setting	step	option_a	option_b	metric	paired_comparisons	option_a_wins	ties	option_b_wins	option_a_win_rate	median_difference_a_minus_b	mean_difference_a_minus_b
DIA	quant	directlfq	maxlfq	pauc001	320	152	59	109	0.475	0.0	0.0031159757490597053
DIA	quant	directlfq	maxlfq	pauc005	320	177	9	134	0.553125	8.873290193819883e-05	0.00526977357178084
DIA	quant	directlfq	maxlfq	pauc01	320	136	0	184	0.425	-0.0009916236188424188	0.0026493953695811623
DIA	quant	directlfq	maxlfq	nmcc	320	89	147	84	0.278125	0.0	0.0038522778109151196
DIA	quant	directlfq	maxlfq	gmean	320	129	155	36	0.403125	0.0	0.006671756933533156
DIA	quant	directlfq	pibaq	pauc001	320	124	0	196	0.3875	-0.00014244805107435643	0.022027332023455786
DIA	quant	directlfq	pibaq	pauc005	320	160	0	160	0.5	-2.4594771609209864e-05	0.01146170727398931
DIA	quant	directlfq	pibaq	pauc01	320	228	0	92	0.7125	0.01329709840356147	0.014034170579675117
DIA	quant	directlfq	pibaq	nmcc	320	162	151	7	0.50625	0.001031945994029726	0.024614794869806
DIA	quant	directlfq	pibaq	gmean	320	141	157	22	0.440625	0.0	0.02243053543137569
DIA	quant	directlfq	sum	pauc001	320	124	12	184	0.3875	-0.0001547465996966091	0.01547498816899828
DIA	quant	directlfq	sum	pauc005	320	154	0	166	0.48125	-0.000386570321436408	0.008139777154714064
DIA	quant	directlfq	sum	pauc01	320	205	0	115	0.640625	0.009441654140432132	0.011423494072854727
DIA	quant	directlfq	sum	nmcc	320	160	154	6	0.5	3.108149629893475e-07	0.022970343298509915
DIA	quant	directlfq	sum	gmean	320	149	157	14	0.465625	0.0	0.027774015915613987
DIA	quant	directlfq	top3	pauc001	320	151	12	157	0.471875	0.0	0.022256493748970072
DIA	quant	directlfq	top3	pauc005	320	171	0	149	0.534375	0.001204307835029672	0.0157586632649938
DIA	quant	directlfq	top3	pauc01	320	219	0	101	0.684375	0.016935097739213756	0.019096795453751918
DIA	quant	directlfq	top3	nmcc	320	168	149	3	0.525	0.007260470955979981	0.02886602382013842
DIA	quant	directlfq	top3	gmean	320	157	156	7	0.490625	0.0	0.03908876782443185
DIA	quant	maxlfq	pibaq	pauc001	320	121	0	199	0.378125	-0.0001563324348910211	0.018911356274396083
DIA	quant	maxlfq	pibaq	pauc005	320	152	0	168	0.475	-0.0008339645638318627	0.006191933702208468
DIA	quant	maxlfq	pibaq	pauc01	320	231	0	89	0.721875	0.01178705925309026	0.011384775210093956
DIA	quant	maxlfq	pibaq	nmcc	320	164	142	14	0.5125	0.001031945994029726	0.02076251705889088
DIA	quant	maxlfq	pibaq	gmean	320	137	154	29	0.428125	0.0	0.015758778497842536
DIA	quant	maxlfq	sum	pauc001	320	124	14	182	0.3875	-0.0001044296953687518	0.012359012419938576
DIA	quant	maxlfq	sum	pauc005	320	146	0	174	0.45625	-0.00042780094749569897	0.002870003582933223
DIA	quant	maxlfq	sum	pauc01	320	228	0	92	0.7125	0.00809666761950567	0.008774098703273565
DIA	quant	maxlfq	sum	nmcc	320	162	149	9	0.50625	0.001031945994029726	0.019118065487594794
DIA	quant	maxlfq	sum	gmean	320	144	158	18	0.45	0.0	0.02110225898208083
DIA	quant	maxlfq	top3	pauc001	320	138	12	170	0.43125	-2.672696906089178e-05	0.01914051799991037
DIA	quant	maxlfq	top3	pauc005	320	159	0	161	0.496875	-0.00013477850921814194	0.01048888969321296
DIA	quant	maxlfq	top3	pauc01	320	239	0	81	0.746875	0.012563164968308338	0.016447400084170755
DIA	quant	maxlfq	top3	nmcc	320	166	143	11	0.51875	0.0030783617407951214	0.0250137460092233
DIA	quant	maxlfq	top3	gmean	320	152	155	13	0.475	0.0	0.0324170108908987
DIA	quant	pibaq	sum	pauc001	320	181	2	137	0.565625	4.760963388986128e-05	-0.006552343854457507
DIA	quant	pibaq	sum	pauc005	320	132	0	188	0.4125	-0.0009181434072289829	-0.0033219301192752458
DIA	quant	pibaq	sum	pauc01	320	115	0	205	0.359375	-0.002500415729703054	-0.0026106765068203905
DIA	quant	pibaq	sum	nmcc	320	88	152	80	0.275	0.0	-0.001644451571296085
DIA	quant	pibaq	sum	gmean	320	116	156	48	0.3625	0.0	0.005343480484238293
DIA	quant	pibaq	top3	pauc001	320	206	1	113	0.64375	0.0001066913195518493	0.00022916172551428696
DIA	quant	pibaq	top3	pauc005	320	240	0	80	0.75	0.0024104143083683027	0.004296955991004493
DIA	quant	pibaq	top3	pauc01	320	201	0	119	0.628125	0.003092264495552055	0.005062624874076797
DIA	quant	pibaq	top3	nmcc	320	130	147	43	0.40625	0.0	0.004251228950332422
DIA	quant	pibaq	top3	gmean	320	153	157	10	0.478125	0.0	0.01665823239305616
DIA	quant	sum	top3	pauc001	320	233	15	72	0.728125	0.0004126994032499498	0.006781505579971795
DIA	quant	sum	top3	pauc005	320	266	0	54	0.83125	0.00270492511664272	0.007618886110279739
DIA	quant	sum	top3	pauc01	320	262	0	58	0.81875	0.004880920560727753	0.0076733013808971875
DIA	quant	sum	top3	nmcc	320	161	149	10	0.503125	0.0007600124620220916	0.005895680521628507
DIA	quant	sum	top3	gmean	320	159	157	4	0.496875	0.0	0.011314751908817866
DIA	normalization	median	none	pauc001	800	128	85	587	0.16	-0.0023124634173553316	-0.007334812187063979
DIA	normalization	median	none	pauc005	800	168	13	619	0.21	-0.009709488556391033	-0.023676742056062926
DIA	normalization	median	none	pauc01	800	178	0	622	0.2225	-0.012657150547849827	-0.028962966756683736
DIA	normalization	median	none	nmcc	800	99	368	333	0.12375	0.0	-0.022441210035298167
DIA	normalization	median	none	gmean	800	116	388	296	0.145	0.0	-0.019067722071563008
DIA	imputation	impseq	impseqrob	pauc001	200	87	26	87	0.435	0.0	-0.002479345678954845
DIA	imputation	impseq	impseqrob	pauc005	200	110	0	90	0.55	2.06805587043557e-05	0.00043417332536046545
DIA	imputation	impseq	impseqrob	pauc01	200	108	0	92	0.54	0.00031625691514478027	0.0015074317343093243
DIA	imputation	impseq	impseqrob	nmcc	200	25	97	78	0.125	0.0	-0.00224861867934742
DIA	imputation	impseq	impseqrob	gmean	200	50	100	50	0.25	0.0	0.0022906036886384076
DIA	imputation	impseq	knn	pauc001	200	80	19	101	0.4	-1.8235936914134943e-06	-0.0037571873388227484
DIA	imputation	impseq	knn	pauc005	200	79	0	121	0.395	-0.000877701953476473	-0.0059644869522751795
DIA	imputation	impseq	knn	pauc01	200	27	0	173	0.135	-0.00555775084989138	-0.010649722855943431
DIA	imputation	impseq	knn	nmcc	200	27	93	80	0.135	0.0	-0.0057167557750603115
DIA	imputation	impseq	knn	gmean	200	74	96	30	0.37	0.0	0.001441615575606981
DIA	imputation	impseq	mindet	pauc001	200	73	3	124	0.365	-0.00016416723117329557	0.011360692601041111
DIA	imputation	impseq	mindet	pauc005	200	77	0	123	0.385	-0.0008287870595900804	-0.0006903951111894074
DIA	imputation	impseq	mindet	pauc01	200	53	0	147	0.265	-0.0029868684901631637	-0.008360618309275602
DIA	imputation	impseq	mindet	nmcc	200	42	92	66	0.21	0.0	-0.003532501436966309
DIA	imputation	impseq	mindet	gmean	200	72	98	30	0.36	0.0	0.00476148468397187
DIA	imputation	impseq	minprob	pauc001	200	72	6	122	0.36	-6.98808554173147e-05	0.017173768322911988
DIA	imputation	impseq	minprob	pauc005	200	66	0	134	0.33	-0.0019741218266277616	0.003151103202989587
DIA	imputation	impseq	minprob	pauc01	200	50	0	150	0.25	-0.0052341118268416365	-0.006319612571366778
DIA	imputation	impseq	minprob	nmcc	200	44	93	63	0.22	0.0	-0.0009686818082835214
DIA	imputation	impseq	minprob	gmean	200	76	99	25	0.38	0.0	0.012783142439133121
DIA	imputation	impseq	none	pauc001	200	92	19	89	0.46	0.0	-0.003749419131135101
DIA	imputation	impseq	none	pauc005	200	93	0	107	0.465	-0.00013658806045582783	-0.0037707917235214957
DIA	imputation	impseq	none	pauc01	200	32	0	168	0.16	-0.0058159765453285606	-0.009490578460108028
DIA	imputation	impseq	none	nmcc	200	6	94	100	0.03	-2.5599080770211113e-05	-0.007172089771165941
DIA	imputation	impseq	none	gmean	200	54	98	48	0.27	0.0	5.881028628412562e-05
DIA	imputation	impseq	qrilc	pauc001	200	79	12	109	0.395	-2.8905050136224242e-05	0.01903438190066417
DIA	imputation	impseq	qrilc	pauc005	200	56	0	144	0.28	-0.0033984560039447276	0.008867259693135504
DIA	imputation	impseq	qrilc	pauc01	200	49	0	151	0.245	-0.007015222805852206	-0.00012558071029266537
DIA	imputation	impseq	qrilc	nmcc	200	50	94	56	0.25	0.0	0.0037308754582107808
DIA	imputation	impseq	qrilc	gmean	200	83	99	18	0.415	0.0	0.028074049051753952
DIA	imputation	impseq	seqknn	pauc001	200	79	16	105	0.395	-8.729316276295807e-06	-0.005149638345586706
DIA	imputation	impseq	seqknn	pauc005	200	86	0	114	0.43	-0.00024761578343890367	-0.005058879078813424
DIA	imputation	impseq	seqknn	pauc01	200	46	0	154	0.23	-0.002166164566430151	-0.007651407253751996
DIA	imputation	impseq	seqknn	nmcc	200	21	95	84	0.105	0.0	-0.005159871615885542
DIA	imputation	impseq	seqknn	gmean	200	50	98	52	0.25	0.0	0.0007649399519221625
DIA	imputation	impseqrob	knn	pauc001	200	76	27	97	0.38	0.0	-0.0012778416598679034
DIA	imputation	impseqrob	knn	pauc005	200	68	5	127	0.34	-0.0008510017594784702	-0.006398660277635645
DIA	imputation	impseqrob	knn	pauc01	200	23	0	177	0.115	-0.005977484843562475	-0.012157154590252755
DIA	imputation	impseqrob	knn	nmcc	200	31	93	76	0.155	0.0	-0.003468137095712892
DIA	imputation	impseqrob	knn	gmean	200	59	96	45	0.295	0.0	-0.0008489881130314267
DIA	imputation	impseqrob	mindet	pauc001	200	73	5	122	0.365	-0.00013226378088571078	0.013840038279995956
DIA	imputation	impseqrob	mindet	pauc005	200	76	0	124	0.38	-0.0009660854772623462	-0.001124568436549873
DIA	imputation	impseqrob	mindet	pauc01	200	56	0	144	0.28	-0.004235794876238319	-0.009868050043584927
DIA	imputation	impseqrob	mindet	nmcc	200	53	95	52	0.265	0.0	-0.0012838827576188891
DIA	imputation	impseqrob	mindet	gmean	200	68	98	34	0.34	0.0	0.0024708809953334636
DIA	imputation	impseqrob	minprob	pauc001	200	74	8	118	0.37	-6.303559984305318e-05	0.019653114001866832
DIA	imputation	impseqrob	minprob	pauc005	200	66	0	134	0.33	-0.0019479454552124853	0.002716929877629121
DIA	imputation	impseqrob	minprob	pauc01	200	49	0	151	0.245	-0.005554419839699787	-0.007827044305676103
DIA	imputation	impseqrob	minprob	nmcc	200	57	94	49	0.285	0.0	0.0012799368710638987
DIA	imputation	impseqrob	minprob	gmean	200	76	99	25	0.38	0.0	0.010492538750494712
DIA	imputation	impseqrob	none	pauc001	200	86	25	89	0.43	0.0	-0.0012700734521802562
DIA	imputation	impseqrob	none	pauc005	200	81	5	114	0.405	-0.00015207600764710616	-0.004204965048881961
DIA	imputation	impseqrob	none	pauc01	200	30	0	170	0.15	-0.00566085592738827	-0.010998010194417351
DIA	imputation	impseqrob	none	nmcc	200	13	97	90	0.065	0.0	-0.00492347109181852
DIA	imputation	impseqrob	none	gmean	200	43	98	59	0.215	0.0	-0.002231793402354282
DIA	imputation	impseqrob	qrilc	pauc001	200	81	14	105	0.405	-4.442125213924286e-05	0.021513727579619016
DIA	imputation	impseqrob	qrilc	pauc005	200	54	0	146	0.27	-0.003263291577267069	0.00843308636777504
DIA	imputation	impseqrob	qrilc	pauc01	200	47	0	153	0.235	-0.007151186273720911	-0.0016330124446019912
DIA	imputation	impseqrob	qrilc	nmcc	200	57	95	48	0.285	0.0	0.005979494137558201
DIA	imputation	impseqrob	qrilc	gmean	200	84	99	17	0.42	0.0	0.025783445363115543
DIA	imputation	impseqrob	seqknn	pauc001	200	82	21	97	0.41	0.0	-0.0026702926666318603
DIA	imputation	impseqrob	seqknn	pauc005	200	81	4	115	0.405	-0.00014336130760156385	-0.005493052404173888
DIA	imputation	impseqrob	seqknn	pauc01	200	56	0	144	0.28	-0.002927878306666243	-0.009158838988061321
DIA	imputation	impseqrob	seqknn	nmcc	200	21	95	84	0.105	0.0	-0.0029112529365381214
DIA	imputation	impseqrob	seqknn	gmean	200	31	98	71	0.155	0.0	-0.001525663736716245
DIA	imputation	knn	mindet	pauc001	200	84	5	111	0.42	-5.995696480426416e-05	0.015117879939863861
DIA	imputation	knn	mindet	pauc005	200	107	0	93	0.535	0.00027698313500640337	0.005274091841085773
DIA	imputation	knn	mindet	pauc01	200	142	0	58	0.71	0.002130758338908134	0.002289104546667828
DIA	imputation	knn	mindet	nmcc	200	64	89	47	0.32	0.0	0.002184254338094003
DIA	imputation	knn	mindet	gmean	200	70	94	36	0.35	0.0	0.0033198691083648896
DIA	imputation	knn	minprob	pauc001	200	69	8	123	0.345	-7.81145736548361e-05	0.020930955661734738
DIA	imputation	knn	minprob	pauc005	200	85	0	115	0.425	-0.0005217912252554191	0.009115590155264766
DIA	imputation	knn	minprob	pauc01	200	113	0	87	0.565	0.0006258393527435735	0.004330110284576651
DIA	imputation	knn	minprob	nmcc	200	67	89	44	0.335	0.0	0.004748073966776791
DIA	imputation	knn	minprob	gmean	200	79	95	26	0.395	0.0	0.01134152686352614
DIA	imputation	knn	none	pauc001	200	90	30	80	0.45	0.0	7.7682076876473e-06
DIA	imputation	knn	none	pauc005	200	106	8	86	0.53	3.45684783356337e-05	0.002193695228753685
DIA	imputation	knn	none	pauc01	200	77	0	123	0.385	-0.0007842514967566494	0.0011591443958354028
DIA	imputation	knn	none	nmcc	200	23	94	83	0.115	0.0	-0.0014553339961056284
DIA	imputation	knn	none	gmean	200	35	98	67	0.175	0.0	-0.0013828052893228554
DIA	imputation	knn	qrilc	pauc001	200	74	14	112	0.37	-7.087863999974409e-05	0.022791569239486918
DIA	imputation	knn	qrilc	pauc005	200	66	0	134	0.33	-0.0016437820129521497	0.014831746645410687
DIA	imputation	knn	qrilc	pauc01	200	88	0	112	0.44	-0.0007096426025703373	0.010524142145650766
DIA	imputation	knn	qrilc	nmcc	200	71	90	39	0.355	0.0	0.009447631233271091
DIA	imputation	knn	qrilc	gmean	200	91	95	14	0.455	0.0	0.026632433476146966
DIA	imputation	knn	seqknn	pauc001	200	94	31	75	0.47	0.0	-0.001392451006763957
DIA	imputation	knn	seqknn	pauc005	200	144	5	51	0.72	0.000432881112011424	0.000905607873461757
DIA	imputation	knn	seqknn	pauc01	200	168	0	32	0.84	0.0023410583506886518	0.0029983156021914335
DIA	imputation	knn	seqknn	nmcc	200	64	96	40	0.32	0.0	0.0005568841591747706
DIA	imputation	knn	seqknn	gmean	200	27	98	75	0.135	0.0	-0.0006766756236848186
DIA	imputation	mindet	minprob	pauc001	200	125	9	66	0.625	0.00011580006949563071	0.005813075721870877
DIA	imputation	mindet	minprob	pauc005	200	57	0	143	0.285	-0.0010987880233282177	0.0038414983141789936
DIA	imputation	mindet	minprob	pauc01	200	59	0	141	0.295	-0.001052177333701776	0.002041005737908824
DIA	imputation	mindet	minprob	nmcc	200	78	94	28	0.39	0.0	0.0025638196286827874
DIA	imputation	mindet	minprob	gmean	200	94	98	8	0.47	0.0	0.00802165775516125
DIA	imputation	mindet	none	pauc001	200	125	5	70	0.625	0.00015822629503739472	-0.015110111732176213
DIA	imputation	mindet	none	pauc005	200	115	0	85	0.575	0.0004380014036137192	-0.0030803966123320882
DIA	imputation	mindet	none	pauc01	200	77	0	123	0.385	-0.0028276905608344838	-0.0011299601508324253
DIA	imputation	mindet	none	nmcc	200	21	95	84	0.105	0.0	-0.0036395883341996315
DIA	imputation	mindet	none	gmean	200	15	96	89	0.075	0.0	-0.004702674397687745
DIA	imputation	mindet	qrilc	pauc001	200	116	7	77	0.58	8.28408445126827e-05	0.00767368929962306
DIA	imputation	mindet	qrilc	pauc005	200	52	0	148	0.26	-0.002139855579994021	0.009557654804324916
DIA	imputation	mindet	qrilc	pauc01	200	59	0	141	0.295	-0.0019269726441512036	0.008235037598982937
DIA	imputation	mindet	qrilc	nmcc	200	75	94	31	0.375	0.0	0.00726337689517709
DIA	imputation	mindet	qrilc	gmean	200	91	97	12	0.455	0.0	0.02331256436778208
DIA	imputation	mindet	seqknn	pauc001	200	118	3	79	0.59	0.0001407536916500085	-0.016510330946627814
DIA	imputation	mindet	seqknn	pauc005	200	110	0	90	0.55	0.00027376050143554376	-0.004368483967624015
DIA	imputation	mindet	seqknn	pauc01	200	122	0	78	0.61	0.0009829165581977106	0.0007092110555236059
DIA	imputation	mindet	seqknn	nmcc	200	52	90	58	0.26	0.0	-0.0016273701789192325
DIA	imputation	mindet	seqknn	gmean	200	28	96	76	0.14	0.0	-0.0039965447320497085
DIA	imputation	minprob	none	pauc001	200	122	8	70	0.61	6.197833655799401e-05	-0.020923187454047087
DIA	imputation	minprob	none	pauc005	200	125	0	75	0.625	0.0012341419730979575	-0.006921894926511082
DIA	imputation	minprob	none	pauc01	200	91	0	109	0.455	-0.0010174132384869194	-0.0031709658887412485
DIA	imputation	minprob	none	nmcc	200	12	93	95	0.06	0.0	-0.006203407962882419
DIA	imputation	minprob	none	gmean	200	7	97	96	0.035	0.0	-0.012724332152848994
DIA	imputation	minprob	qrilc	pauc001	200	99	10	91	0.495	0.0	0.001860613577752184
DIA	imputation	minprob	qrilc	pauc005	200	57	0	143	0.285	-0.0010490341575902506	0.0057161564901459195
DIA	imputation	minprob	qrilc	pauc01	200	68	0	132	0.34	-0.000965529439607149	0.006194031861074113
DIA	imputation	minprob	qrilc	nmcc	200	64	97	39	0.32	0.0	0.0046995572664943015
DIA	imputation	minprob	qrilc	gmean	200	90	98	12	0.45	0.0	0.01529090661262083
DIA	imputation	minprob	seqknn	pauc001	200	126	4	70	0.63	8.117494087531152e-05	-0.022323406668498694
DIA	imputation	minprob	seqknn	pauc005	200	141	0	59	0.705	0.0016741368025957049	-0.00820998228180301
DIA	imputation	minprob	seqknn	pauc01	200	136	0	64	0.68	0.002258334295886344	-0.0013317946823852179
DIA	imputation	minprob	seqknn	nmcc	200	48	91	61	0.24	0.0	-0.00419118980760202
DIA	imputation	minprob	seqknn	gmean	200	23	97	80	0.115	0.0	-0.012018202487210958
DIA	imputation	none	qrilc	pauc001	200	81	14	105	0.405	-1.4919595700990662e-05	0.02278380103179927
DIA	imputation	none	qrilc	pauc005	200	60	0	140	0.3	-0.0025275452941332377	0.012638051416657001
DIA	imputation	none	qrilc	pauc01	200	104	0	96	0.52	0.0002449727311417127	0.009364997749815362
DIA	imputation	none	qrilc	nmcc	200	94	94	12	0.47	0.0	0.010902965229376721
DIA	imputation	none	qrilc	gmean	200	101	97	2	0.505	0.000715559713723557	0.028015238765469824
DIA	imputation	none	seqknn	pauc001	200	84	27	89	0.42	0.0	-0.0014002192144516043
DIA	imputation	none	seqknn	pauc005	200	108	5	87	0.54	6.019837390683347e-05	-0.001288087355291928
DIA	imputation	none	seqknn	pauc01	200	156	0	44	0.78	0.0035466844008317233	0.0018391712063560311
DIA	imputation	none	seqknn	nmcc	200	82	94	24	0.41	0.0	0.002012218155280399
DIA	imputation	none	seqknn	gmean	200	51	98	51	0.255	0.0	0.000706129665638037
DIA	imputation	qrilc	seqknn	pauc001	200	116	10	74	0.58	7.522609282001325e-05	-0.02418402024625088
DIA	imputation	qrilc	seqknn	pauc005	200	150	0	50	0.75	0.0032537260675282453	-0.013926138771948931
DIA	imputation	qrilc	seqknn	pauc01	200	137	0	63	0.685	0.00354061473673295	-0.007525826543459331
DIA	imputation	qrilc	seqknn	nmcc	200	41	92	67	0.205	0.0	-0.008890747074096322
DIA	imputation	qrilc	seqknn	gmean	200	15	97	88	0.075	0.0	-0.027309109099831794
DIA	de_method	deqms	limma	pauc001	400	307	0	93	0.7675	0.0005923904706368055	-0.01182609940668948
DIA	de_method	deqms	limma	pauc005	400	275	0	125	0.6875	0.0027736515255585292	-0.008813515131970186
DIA	de_method	deqms	limma	pauc01	400	192	0	208	0.48	-0.00023771188650040243	-0.010313479035735549
DIA	de_method	deqms	limma	nmcc	400	176	0	224	0.44	-0.0002655927525039292	-0.0062135962028384084
DIA	de_method	deqms	limma	gmean	400	205	0	195	0.5125	6.725267706847449e-05	-0.010707048533256724
DIA	de_method	deqms	limrots	pauc001	400	252	0	148	0.63	0.00015326313463778773	-0.0257215713861318
DIA	de_method	deqms	limrots	pauc005	400	304	0	96	0.76	0.013066424445964564	-0.016183505701770025
DIA	de_method	deqms	limrots	pauc01	400	273	0	127	0.6825	0.009588292057153891	-0.012692256824690164
DIA	de_method	deqms	limrots	nmcc	400	400	0	0	1.0	0.1514148611677607	0.16963032560391017
DIA	de_method	deqms	limrots	gmean	400	400	0	0	1.0	0.5904236493556327	0.6131570158247878
DIA	de_method	deqms	rots	pauc001	400	275	0	125	0.6875	0.0003936698857389953	-0.026239999713445896
DIA	de_method	deqms	rots	pauc005	400	317	0	83	0.7925	0.009528949549823945	-0.018389752541609527
DIA	de_method	deqms	rots	pauc01	400	275	0	125	0.6875	0.007509470844704325	-0.014171678599261883
DIA	de_method	deqms	rots	nmcc	400	400	0	0	1.0	0.1514148611677607	0.16944246438285307
DIA	de_method	deqms	rots	gmean	400	400	0	0	1.0	0.5904236493556327	0.6126035791026015
DIA	de_method	limma	limrots	pauc001	400	74	42	284	0.185	-0.00018779242333943902	-0.013895471979442313
DIA	de_method	limma	limrots	pauc005	400	297	0	103	0.7425	0.008332921651981517	-0.007369990569799839
DIA	de_method	limma	limrots	pauc01	400	293	0	107	0.7325	0.009565500532690396	-0.002378777788954619
DIA	de_method	limma	limrots	nmcc	400	400	0	0	1.0	0.15786996730399772	0.17584392180674854
DIA	de_method	limma	limrots	gmean	400	400	0	0	1.0	0.6031607461402069	0.6238640643580444
DIA	de_method	limma	rots	pauc001	400	56	50	294	0.14	-0.00017807204160427692	-0.014413900306756416
DIA	de_method	limma	rots	pauc005	400	284	0	116	0.71	0.005431327573764133	-0.009576237409639336
DIA	de_method	limma	rots	pauc01	400	292	0	108	0.73	0.00848175811896723	-0.00385819956352633
DIA	de_method	limma	rots	nmcc	400	400	0	0	1.0	0.15836490037664358	0.17565606058569153
DIA	de_method	limma	rots	gmean	400	400	0	0	1.0	0.6031607461402069	0.6233106276358582
DIA	de_method	limrots	rots	pauc001	400	215	51	134	0.5375	8.154429029655352e-06	-0.0005184283273141002
DIA	de_method	limrots	rots	pauc005	400	104	13	283	0.26	-0.0007261135884569503	-0.0022062468398394955
DIA	de_method	limrots	rots	pauc01	400	131	1	268	0.3275	-0.0007683935933838204	-0.0014794217745717113
DIA	de_method	limrots	rots	nmcc	400	22	366	12	0.055	0.0	-0.0001878612210570728
DIA	de_method	limrots	rots	gmean	400	0	388	12	0.0	0.0	-0.0005534367221863505
LFQ	quant	directlfq	maxlfq	pauc001	384	280	2	102	0.7291666666666666	0.005550012797605419	0.000359778948496192
LFQ	quant	directlfq	maxlfq	pauc005	384	291	0	93	0.7578125	0.006918694727262087	0.004209623337325716
LFQ	quant	directlfq	maxlfq	pauc01	384	298	0	86	0.7760416666666666	0.007381978113711607	0.004483811451333771
LFQ	quant	directlfq	maxlfq	nmcc	384	204	89	91	0.53125	0.002927097977005799	-0.0021703881553739976
LFQ	quant	directlfq	maxlfq	gmean	384	208	92	84	0.5416666666666666	0.008029864996093733	0.0002733836782108998
LFQ	quant	directlfq	pibaq	pauc001	384	277	0	107	0.7213541666666666	0.006450212179676285	0.019672092261619686
LFQ	quant	directlfq	pibaq	pauc005	384	259	0	125	0.6744791666666666	0.00409813380962204	0.025307108140597667
LFQ	quant	directlfq	pibaq	pauc01	384	220	0	164	0.5729166666666666	0.0022313677099735085	0.02528266783722966
LFQ	quant	directlfq	pibaq	nmcc	384	257	94	33	0.6692708333333334	0.016512793148886373	0.027367614447988586
LFQ	quant	directlfq	pibaq	gmean	384	261	98	25	0.6796875	0.028084004168674653	0.06453573690208382
LFQ	quant	directlfq	sum	pauc001	384	256	0	128	0.6666666666666666	0.007880657087078968	0.010911344443929952
LFQ	quant	directlfq	sum	pauc005	384	271	0	113	0.7057291666666666	0.009232408012999571	0.013570239290344968
LFQ	quant	directlfq	sum	pauc01	384	283	0	101	0.7369791666666666	0.01050983570915831	0.015697738032230915
LFQ	quant	directlfq	sum	nmcc	384	217	93	74	0.5651041666666666	0.01628928085472131	0.019958167485454734
LFQ	quant	directlfq	sum	gmean	384	230	95	59	0.5989583333333334	0.0292363739540831	0.049248871762025304
LFQ	quant	directlfq	top3	pauc001	384	268	0	116	0.6979166666666666	0.01138114625401343	0.014430808859553236
LFQ	quant	directlfq	top3	pauc005	384	274	0	110	0.7135416666666666	0.01161387393023361	0.017592687499102148
LFQ	quant	directlfq	top3	pauc01	384	285	0	99	0.7421875	0.013589284219273579	0.01975344066449342
LFQ	quant	directlfq	top3	nmcc	384	212	96	76	0.5520833333333334	0.020156940661963385	0.02298243503137437
LFQ	quant	directlfq	top3	gmean	384	240	97	47	0.625	0.04262351422975247	0.06696805646569921
LFQ	quant	maxlfq	pibaq	pauc001	384	187	0	197	0.4869791666666667	-0.00014949474533870744	0.019312313313123497
LFQ	quant	maxlfq	pibaq	pauc005	384	177	0	207	0.4609375	-0.0016746198244421695	0.02109748480327195
LFQ	quant	maxlfq	pibaq	pauc01	384	170	0	214	0.4427083333333333	-0.004037000470206553	0.020798856385895886
LFQ	quant	maxlfq	pibaq	nmcc	384	234	91	59	0.609375	0.010372504806741789	0.02953800260336259
LFQ	quant	maxlfq	pibaq	gmean	384	224	95	65	0.5833333333333334	0.017479492180606238	0.06426235322387293
LFQ	quant	maxlfq	sum	pauc001	384	223	0	161	0.5807291666666666	0.0019809932125719465	0.01055156549543376
LFQ	quant	maxlfq	sum	pauc005	384	225	0	159	0.5859375	0.0019913779146022437	0.009360615953019251
LFQ	quant	maxlfq	sum	pauc01	384	225	0	159	0.5859375	0.00207731619086296	0.011213926580897144
LFQ	quant	maxlfq	sum	nmcc	384	236	90	58	0.6145833333333334	0.011655789609344935	0.022128555640828735
LFQ	quant	maxlfq	sum	gmean	384	255	92	37	0.6640625	0.017915541867119494	0.04897548808381441
LFQ	quant	maxlfq	top3	pauc001	384	230	0	154	0.5989583333333334	0.004599597741850203	0.014071029911057043
LFQ	quant	maxlfq	top3	pauc005	384	251	0	133	0.6536458333333334	0.0038893001841007746	0.01338306416177644
LFQ	quant	maxlfq	top3	pauc01	384	246	0	138	0.640625	0.004550737822477002	0.01526962921315965
LFQ	quant	maxlfq	top3	nmcc	384	242	92	50	0.6302083333333334	0.014487910411145055	0.025152823186748368
LFQ	quant	maxlfq	top3	gmean	384	268	94	22	0.6979166666666666	0.025997931533831176	0.06669467278748832
LFQ	quant	pibaq	sum	pauc001	384	212	0	172	0.5520833333333334	0.00024411570816310069	-0.008760747817689738
LFQ	quant	pibaq	sum	pauc005	384	203	1	180	0.5286458333333334	0.0012788693199723422	-0.011736868850252694
LFQ	quant	pibaq	sum	pauc01	384	248	1	135	0.6458333333333334	0.0047690291200341295	-0.00958492980499874
LFQ	quant	pibaq	sum	nmcc	384	130	102	152	0.3385416666666667	0.0	-0.0074094469625338505
LFQ	quant	pibaq	sum	gmean	384	134	107	143	0.3489583333333333	0.0	-0.015286865140058515
LFQ	quant	pibaq	top3	pauc001	384	238	0	146	0.6197916666666666	0.000530024073839841	-0.005241283402066452
LFQ	quant	pibaq	top3	pauc005	384	236	0	148	0.6145833333333334	0.006036577932764575	-0.007714420641495512
LFQ	quant	pibaq	top3	pauc01	384	284	0	100	0.7395833333333334	0.009943615435723252	-0.005529227172736234
LFQ	quant	pibaq	top3	nmcc	384	161	106	117	0.4192708333333333	0.0	-0.004385179416614221
LFQ	quant	pibaq	top3	gmean	384	173	111	100	0.4505208333333333	0.0	0.0024323195636154
LFQ	quant	sum	top3	pauc001	384	284	1	99	0.7395833333333334	0.0023877724450047655	0.0035194644156232857
LFQ	quant	sum	top3	pauc005	384	320	0	64	0.8333333333333334	0.002541895163770014	0.004022448208757183
LFQ	quant	sum	top3	pauc01	384	313	0	71	0.8151041666666666	0.0035773646590065156	0.004055702632262507
LFQ	quant	sum	top3	nmcc	384	211	105	68	0.5494791666666666	0.0017310870219482966	0.00302426754591963
LFQ	quant	sum	top3	gmean	384	225	106	53	0.5859375	0.006909650908510312	0.017719184703673913
LFQ	normalization	median	none	pauc001	960	383	11	566	0.39895833333333336	-0.000532172247674989	-0.0018451374617685797
LFQ	normalization	median	none	pauc005	960	371	0	589	0.38645833333333335	-0.002077445194152261	-0.018973933078224425
LFQ	normalization	median	none	pauc01	960	323	0	637	0.33645833333333336	-0.0027528592648329853	-0.020979367240065543
LFQ	normalization	median	none	nmcc	960	297	245	418	0.309375	0.0	-0.016440702248688936
LFQ	normalization	median	none	gmean	960	325	253	382	0.3385416666666667	0.0	0.005126060214834604
LFQ	imputation	impseq	impseqrob	pauc001	240	104	1	135	0.43333333333333335	-7.01635932889022e-05	0.005473449972078848
LFQ	imputation	impseq	impseqrob	pauc005	240	127	0	113	0.5291666666666667	0.00016402633973044978	0.010299035296877002
LFQ	imputation	impseq	impseqrob	pauc01	240	142	0	98	0.5916666666666667	0.0008542160761317308	0.00810938036282076
LFQ	imputation	impseq	impseqrob	nmcc	240	85	62	93	0.3541666666666667	0.0	0.005291986146235761
LFQ	imputation	impseq	impseqrob	gmean	240	138	63	39	0.575	0.0034756212216770777	0.010823437745986394
LFQ	imputation	impseq	knn	pauc001	240	85	1	154	0.3541666666666667	-0.0013751924665090787	-0.00011644797615652514
LFQ	imputation	impseq	knn	pauc005	240	123	0	117	0.5125	0.00029870027464057314	0.0008916981140251837
LFQ	imputation	impseq	knn	pauc01	240	127	0	113	0.5291666666666667	0.0003160358631400517	-0.00021201865974402185
LFQ	imputation	impseq	knn	nmcc	240	78	63	99	0.325	0.0	0.002601015724198327
LFQ	imputation	impseq	knn	gmean	240	149	64	27	0.6208333333333333	0.009258139352688724	0.014577155189236763
LFQ	imputation	impseq	mindet	pauc001	240	62	0	178	0.25833333333333336	-0.0011990296245915077	0.0007141457609485564
LFQ	imputation	impseq	mindet	pauc005	240	104	0	136	0.43333333333333335	-0.0010135756265990392	0.0037523057191627862
LFQ	imputation	impseq	mindet	pauc01	240	109	0	131	0.45416666666666666	-0.0004925059552603472	0.0032684941017074145
LFQ	imputation	impseq	mindet	nmcc	240	73	59	108	0.30416666666666664	0.0	-0.002417067583458033
LFQ	imputation	impseq	mindet	gmean	240	122	61	57	0.5083333333333333	0.0033004220328139433	0.024208466586294306
LFQ	imputation	impseq	minprob	pauc001	240	92	0	148	0.38333333333333336	-0.00029085063487968577	0.004451497569479915
LFQ	imputation	impseq	minprob	pauc005	240	126	0	114	0.525	0.0001138111852996837	0.007220052622306896
LFQ	imputation	impseq	minprob	pauc01	240	136	0	104	0.5666666666666667	0.0007266728565646918	0.007244920428136278
LFQ	imputation	impseq	minprob	nmcc	240	83	63	94	0.3458333333333333	0.0	-0.00023330524352922674
LFQ	imputation	impseq	minprob	gmean	240	137	63	40	0.5708333333333333	0.015122696862967078	0.03783057846527272
LFQ	imputation	impseq	none	pauc001	240	97	1	142	0.4041666666666667	-0.0006699264749739919	-0.008437141212306933
LFQ	imputation	impseq	none	pauc005	240	137	0	103	0.5708333333333333	0.002120967482346303	0.00755529065760944
LFQ	imputation	impseq	none	pauc01	240	148	0	92	0.6166666666666667	0.004777396314812832	0.014320908200975408
LFQ	imputation	impseq	none	nmcc	240	49	63	128	0.20416666666666666	-0.00075964146123636	7.399909664887091e-05
LFQ	imputation	impseq	none	gmean	240	159	63	18	0.6625	0.017917375303557262	0.02878866285684661
LFQ	imputation	impseq	qrilc	pauc001	240	120	0	120	0.5	2.0082701853441076e-06	0.01270982562538193
LFQ	imputation	impseq	qrilc	pauc005	240	155	0	85	0.6458333333333334	0.002404170735519129	0.01654773770927679
LFQ	imputation	impseq	qrilc	pauc01	240	156	0	84	0.65	0.002709878460961934	0.015055628031712252
LFQ	imputation	impseq	qrilc	nmcc	240	94	60	86	0.39166666666666666	0.0	0.0001968232256414959
LFQ	imputation	impseq	qrilc	gmean	240	135	63	42	0.5625	0.02553908467065663	0.05045325996560292
LFQ	imputation	impseq	seqknn	pauc001	240	77	2	161	0.32083333333333336	-0.0018136999014641275	-0.0022474000539459654
LFQ	imputation	impseq	seqknn	pauc005	240	96	0	144	0.4	-0.0007296150719540151	-0.0011426941806836578
LFQ	imputation	impseq	seqknn	pauc01	240	116	0	124	0.48333333333333334	-0.0001042041494487278	-0.00026865735414744184
LFQ	imputation	impseq	seqknn	nmcc	240	44	63	133	0.18333333333333332	-0.0011246172266813348	-0.006761819660029417
LFQ	imputation	impseq	seqknn	gmean	240	125	63	52	0.5208333333333334	0.0007028704172999944	0.0030307340428679763
LFQ	imputation	impseqrob	knn	pauc001	240	101	5	134	0.42083333333333334	-8.694922667532023e-05	-0.005589897948235375
LFQ	imputation	impseqrob	knn	pauc005	240	105	0	135	0.4375	-0.0003970999934356234	-0.009407337182851817
LFQ	imputation	impseqrob	knn	pauc01	240	97	0	143	0.4041666666666667	-0.0006230790581571721	-0.008321399022564784
LFQ	imputation	impseqrob	knn	nmcc	240	86	62	92	0.35833333333333334	0.0	-0.002690970422037434
LFQ	imputation	impseqrob	knn	gmean	240	112	63	65	0.4666666666666667	0.0	0.003753717443250368
LFQ	imputation	impseqrob	mindet	pauc001	240	77	0	163	0.32083333333333336	-0.0009157886485818834	-0.0047593042111302945
LFQ	imputation	impseqrob	mindet	pauc005	240	95	0	145	0.3958333333333333	-0.0022004186340999765	-0.006546729577714214
LFQ	imputation	impseqrob	mindet	pauc01	240	95	0	145	0.3958333333333333	-0.001953721090413585	-0.004840886261113345
LFQ	imputation	impseqrob	mindet	nmcc	240	59	58	123	0.24583333333333332	-0.0004787907126764801	-0.007709053729693794
LFQ	imputation	impseqrob	mindet	gmean	240	86	60	94	0.35833333333333334	0.0	0.01338502884030791
LFQ	imputation	impseqrob	minprob	pauc001	240	99	1	140	0.4125	-0.00027808261574741033	-0.0010219524025989338
LFQ	imputation	impseqrob	minprob	pauc005	240	116	0	124	0.48333333333333334	-0.00015997651339660912	-0.003078982674570106
LFQ	imputation	impseqrob	minprob	pauc01	240	114	0	126	0.475	-0.000313131805076583	-0.0008644599346844824
LFQ	imputation	impseqrob	minprob	nmcc	240	78	61	101	0.325	0.0	-0.005525291389764987
LFQ	imputation	impseqrob	minprob	gmean	240	107	62	71	0.44583333333333336	0.0	0.027007140719286324
LFQ	imputation	impseqrob	none	pauc001	240	112	6	122	0.4666666666666667	-4.14506782259183e-06	-0.013910591184385784
LFQ	imputation	impseqrob	none	pauc005	240	120	0	120	0.5	0.00018686889695690434	-0.002743744639267561
LFQ	imputation	impseqrob	none	pauc01	240	136	0	104	0.5666666666666667	0.0016643787967297041	0.0062115278381546495
LFQ	imputation	impseqrob	none	nmcc	240	89	62	89	0.37083333333333335	0.0	-0.00521798704958689
LFQ	imputation	impseqrob	none	gmean	240	134	64	42	0.5583333333333333	0.004540192992174896	0.017965225110860215
LFQ	imputation	impseqrob	qrilc	pauc001	240	136	0	104	0.5666666666666667	0.0013422385494424316	0.007236375653303082
LFQ	imputation	impseqrob	qrilc	pauc005	240	149	0	91	0.6208333333333333	0.0015311368392946223	0.006248702412399791
LFQ	imputation	impseqrob	qrilc	pauc01	240	139	0	101	0.5791666666666667	0.00160520713198542	0.00694624766889149
LFQ	imputation	impseqrob	qrilc	nmcc	240	108	59	73	0.45	0.0	-0.0050951629205942634
LFQ	imputation	impseqrob	qrilc	gmean	240	133	62	45	0.5541666666666667	0.006780589011462834	0.039629822219616515
LFQ	imputation	impseqrob	seqknn	pauc001	240	85	5	150	0.3541666666666667	-0.001327753191977643	-0.007720850026024815
LFQ	imputation	impseqrob	seqknn	pauc005	240	86	1	153	0.35833333333333334	-0.0018236170318642886	-0.011441729477560659
LFQ	imputation	impseqrob	seqknn	pauc01	240	83	0	157	0.3458333333333333	-0.001677203849717701	-0.008378037716968201
LFQ	imputation	impseqrob	seqknn	nmcc	240	35	63	142	0.14583333333333334	-0.0024491383067333228	-0.012053805806265177
LFQ	imputation	impseqrob	seqknn	gmean	240	63	64	113	0.2625	0.0	-0.007792703703118418
LFQ	imputation	knn	mindet	pauc001	240	98	0	142	0.4083333333333333	-0.0004000655905921635	0.0008305937371050824
LFQ	imputation	knn	mindet	pauc005	240	113	0	127	0.4708333333333333	-0.0018547305489247656	0.002860607605137603
LFQ	imputation	knn	mindet	pauc01	240	115	0	125	0.4791666666666667	-0.0010020799457117757	0.0034805127614514365
LFQ	imputation	knn	mindet	nmcc	240	58	59	123	0.24166666666666667	-0.0009244713749566869	-0.005018083307656359
LFQ	imputation	knn	mindet	gmean	240	52	62	126	0.21666666666666667	-0.0011427881633751247	0.009631311397057545
LFQ	imputation	knn	minprob	pauc001	240	126	0	114	0.525	0.0004935111603355802	0.004567945545636439
LFQ	imputation	knn	minprob	pauc005	240	129	0	111	0.5375	0.0016091375212725356	0.006328354508281712
LFQ	imputation	knn	minprob	pauc01	240	130	0	110	0.5416666666666666	0.001861433519587452	0.0074569390878803
LFQ	imputation	knn	minprob	nmcc	240	75	63	102	0.3125	0.0	-0.002834320967727553
LFQ	imputation	knn	minprob	gmean	240	108	64	68	0.45	0.0	0.02325342327603596
LFQ	imputation	knn	none	pauc001	240	126	4	110	0.525	1.2677251223863761e-05	-0.00832069323615041
LFQ	imputation	knn	none	pauc005	240	142	0	98	0.5916666666666667	0.0011932749490382033	0.006663592543584258
LFQ	imputation	knn	none	pauc01	240	164	0	76	0.6833333333333333	0.0030236744788261494	0.014532926860719433
LFQ	imputation	knn	none	nmcc	240	79	64	97	0.32916666666666666	0.0	-0.0025270166275494564
LFQ	imputation	knn	none	gmean	240	130	64	46	0.5416666666666666	0.003090625756224999	0.014211507667609846
LFQ	imputation	knn	qrilc	pauc001	240	156	0	84	0.65	0.002009703494787518	0.012826273601538454
LFQ	imputation	knn	qrilc	pauc005	240	157	0	83	0.6541666666666667	0.0028067129029553106	0.015656039595251605
LFQ	imputation	knn	qrilc	pauc01	240	146	0	94	0.6083333333333333	0.002417108161277326	0.015267646691456275
LFQ	imputation	knn	qrilc	nmcc	240	106	61	73	0.44166666666666665	0.0	-0.0024041924985568315
LFQ	imputation	knn	qrilc	gmean	240	133	64	43	0.5541666666666667	0.010635319853985262	0.03587610477636615
LFQ	imputation	knn	seqknn	pauc001	240	102	5	133	0.425	-7.036840289798008e-05	-0.002130952077789441
LFQ	imputation	knn	seqknn	pauc005	240	70	0	170	0.2916666666666667	-0.0013020493610314543	-0.002034392294708841
LFQ	imputation	knn	seqknn	pauc01	240	61	0	179	0.25416666666666665	-0.0012356672499758137	-5.663869440342001e-05
LFQ	imputation	knn	seqknn	nmcc	240	27	63	150	0.1125	-0.0019044617311744783	-0.009362835384227743
LFQ	imputation	knn	seqknn	gmean	240	19	63	158	0.07916666666666666	-0.005898189898004308	-0.011546421146368786
LFQ	imputation	mindet	minprob	pauc001	240	186	0	54	0.775	0.0013340553218819107	0.0037373518085313585
LFQ	imputation	mindet	minprob	pauc005	240	162	0	78	0.675	0.0011704975742562462	0.0034677469031441097
LFQ	imputation	mindet	minprob	pauc01	240	164	0	76	0.6833333333333333	0.0013341736913116686	0.003976426326428864
LFQ	imputation	mindet	minprob	nmcc	240	128	64	48	0.5333333333333333	0.0010248366536841358	0.0021837623399288066
LFQ	imputation	mindet	minprob	gmean	240	144	68	28	0.6	0.005780164559828882	0.013622111878978412
LFQ	imputation	mindet	none	pauc001	240	129	0	111	0.5375	0.0002966900369948122	-0.00915128697325549
LFQ	imputation	mindet	none	pauc005	240	120	0	120	0.5	0.0003049004739952288	0.0038029849384466556
LFQ	imputation	mindet	none	pauc01	240	124	0	116	0.5166666666666667	0.003352773803156295	0.011052414099267993
LFQ	imputation	mindet	none	nmcc	240	107	60	73	0.44583333333333336	0.0	0.0024910666801069028
LFQ	imputation	mindet	none	gmean	240	129	62	49	0.5375	0.004567988977963594	0.004580196270552302
LFQ	imputation	mindet	qrilc	pauc001	240	193	0	47	0.8041666666666667	0.0030507154550944993	0.011995679864433373
LFQ	imputation	mindet	qrilc	pauc005	240	192	0	48	0.8	0.0036398779969566974	0.012795431990114004
LFQ	imputation	mindet	qrilc	pauc01	240	208	0	32	0.8666666666666667	0.00377176217068359	0.011787133930004837
LFQ	imputation	mindet	qrilc	nmcc	240	134	60	46	0.5583333333333333	0.0023257744847603457	0.002613890809099528
LFQ	imputation	mindet	qrilc	gmean	240	149	65	26	0.6208333333333333	0.01588632467630896	0.026244793379308604
LFQ	imputation	mindet	seqknn	pauc001	240	133	0	107	0.5541666666666667	0.0002619864399691918	-0.002961545814894523
LFQ	imputation	mindet	seqknn	pauc005	240	111	0	129	0.4625	-0.0015710114339462233	-0.0048949998998464445
LFQ	imputation	mindet	seqknn	pauc01	240	115	0	125	0.4791666666666667	-0.0006353236431579923	-0.003537151455854857
LFQ	imputation	mindet	seqknn	nmcc	240	86	58	96	0.35833333333333334	0.0	-0.004344752076571383
LFQ	imputation	mindet	seqknn	gmean	240	72	60	108	0.3	0.0	-0.021177732543426326
LFQ	imputation	minprob	none	pauc001	240	108	0	132	0.45	-0.00044830742515405975	-0.01288863878178685
LFQ	imputation	minprob	none	pauc005	240	115	0	125	0.4791666666666667	-0.0011500961671747079	0.0003352380353025467
LFQ	imputation	minprob	none	pauc01	240	119	0	121	0.49583333333333335	-0.0005846801947355096	0.007075987772839132
LFQ	imputation	minprob	none	nmcc	240	101	64	75	0.42083333333333334	0.0	0.00030730434017809766
LFQ	imputation	minprob	none	gmean	240	96	64	80	0.4	0.0	-0.00904191560842611
LFQ	imputation	minprob	qrilc	pauc001	240	186	0	54	0.775	0.0019074551802497064	0.008258328055902016
LFQ	imputation	minprob	qrilc	pauc005	240	187	0	53	0.7791666666666667	0.0026066673428550846	0.009327685086969895
LFQ	imputation	minprob	qrilc	pauc01	240	206	0	34	0.8583333333333333	0.0026417327517395117	0.007810707603575973
LFQ	imputation	minprob	qrilc	nmcc	240	122	63	55	0.5083333333333333	0.00017589782321725256	0.0004301284691707217
LFQ	imputation	minprob	qrilc	gmean	240	144	68	28	0.6	0.007576553265976019	0.01262268150033019
LFQ	imputation	minprob	seqknn	pauc001	240	108	0	132	0.45	-0.0006810741071821558	-0.006698897623425879
LFQ	imputation	minprob	seqknn	pauc005	240	81	0	159	0.3375	-0.003220983423049828	-0.008362746802990555
LFQ	imputation	minprob	seqknn	pauc01	240	92	0	148	0.38333333333333336	-0.002323828528605798	-0.007513577782283721
LFQ	imputation	minprob	seqknn	nmcc	240	60	62	118	0.25	0.0	-0.006528514416500189
LFQ	imputation	minprob	seqknn	gmean	240	44	62	134	0.18333333333333332	-0.007236550491466792	-0.03479984442240475
LFQ	imputation	none	qrilc	pauc001	240	142	0	98	0.5916666666666667	0.0019115515276130202	0.021146966837688862
LFQ	imputation	none	qrilc	pauc005	240	128	0	112	0.5333333333333333	0.002703090307148548	0.008992447051667352
LFQ	imputation	none	qrilc	pauc01	240	126	0	114	0.525	0.0026078955616810062	0.0007347198307368408
LFQ	imputation	none	qrilc	nmcc	240	104	60	76	0.43333333333333335	0.0	0.0001228241289926259
LFQ	imputation	none	qrilc	gmean	240	111	63	66	0.4625	0.0	0.021664597108756296
LFQ	imputation	none	seqknn	pauc001	240	106	5	129	0.44166666666666665	-5.8636068906353644e-05	0.00618974115836097
LFQ	imputation	none	seqknn	pauc005	240	99	0	141	0.4125	-0.0018339580376489084	-0.008697984838293097
LFQ	imputation	none	seqknn	pauc01	240	84	0	156	0.35	-0.0035289760448852514	-0.014589565555122853
LFQ	imputation	none	seqknn	nmcc	240	63	63	114	0.2625	0.0	-0.0068358187566782865
LFQ	imputation	none	seqknn	gmean	240	26	64	150	0.10833333333333334	-0.010643516851282203	-0.025757928813978634
LFQ	imputation	qrilc	seqknn	pauc001	240	82	0	158	0.3416666666666667	-0.0026924795391871092	-0.014957225679327894
LFQ	imputation	qrilc	seqknn	pauc005	240	55	0	185	0.22916666666666666	-0.003913620307484267	-0.01769043188996045
LFQ	imputation	qrilc	seqknn	pauc01	240	71	0	169	0.29583333333333334	-0.0034344853501823702	-0.015324285385859695
LFQ	imputation	qrilc	seqknn	nmcc	240	49	60	131	0.20416666666666666	-0.0028942340608880124	-0.006958642885670913
LFQ	imputation	qrilc	seqknn	gmean	240	40	62	138	0.16666666666666666	-0.0197116926117918	-0.04742252592273493
LFQ	de_method	deqms	limma	pauc001	480	250	4	226	0.5208333333333334	6.161221951242468e-05	0.002868940457767197
LFQ	de_method	deqms	limma	pauc005	480	194	1	285	0.4041666666666667	-0.0003092040874732027	-0.0016703571795922592
LFQ	de_method	deqms	limma	pauc01	480	129	1	350	0.26875	-0.0005551726410704672	-0.002931663456738889
LFQ	de_method	deqms	limma	nmcc	480	223	42	215	0.46458333333333335	0.0	0.0009428683257095461
LFQ	de_method	deqms	limma	gmean	480	283	42	155	0.5895833333333333	0.0007913329318321727	0.010910097793690171
LFQ	de_method	deqms	limrots	pauc001	480	275	0	205	0.5729166666666666	0.00031800664669331957	0.016791667139413734
LFQ	de_method	deqms	limrots	pauc005	480	184	0	296	0.38333333333333336	-0.0013951778757704258	-0.0012690542219083417
LFQ	de_method	deqms	limrots	pauc01	480	143	0	337	0.29791666666666666	-0.0023215570579033784	-0.007357805270864309
LFQ	de_method	deqms	limrots	nmcc	480	359	2	119	0.7479166666666667	0.013426272703150943	0.031835505272148
LFQ	de_method	deqms	limrots	gmean	480	361	2	117	0.7520833333333333	0.13665948668706915	0.21276249970036265
LFQ	de_method	deqms	rots	pauc001	480	258	0	222	0.5375	0.0001474675953816451	0.011985007751531308
LFQ	de_method	deqms	rots	pauc005	480	188	0	292	0.39166666666666666	-0.0011973845265624838	-0.0027754579014312238
LFQ	de_method	deqms	rots	pauc01	480	141	0	339	0.29375	-0.002226675678074219	-0.007411848820718023
LFQ	de_method	deqms	rots	nmcc	480	351	4	125	0.73125	0.02225027881964725	0.033792052518578405
LFQ	de_method	deqms	rots	gmean	480	405	4	71	0.84375	0.20101661211361826	0.22831786624250255
LFQ	de_method	limma	limrots	pauc001	480	264	6	210	0.55	4.599611816108462e-05	0.013922726681646538
LFQ	de_method	limma	limrots	pauc005	480	203	1	276	0.42291666666666666	-0.0006497087161967396	0.000401302957683918
LFQ	de_method	limma	limrots	pauc01	480	163	1	316	0.33958333333333335	-0.001381584798312907	-0.004426141814125419
LFQ	de_method	limma	limrots	nmcc	480	331	3	146	0.6895833333333333	0.009330450932997503	0.030892636946438453
LFQ	de_method	limma	limrots	gmean	480	359	3	118	0.7479166666666667	0.10014498246689309	0.2018524019066725
LFQ	de_method	limma	rots	pauc001	480	209	5	266	0.4354166666666667	-5.3976649602105464e-05	0.009116067293764112
LFQ	de_method	limma	rots	pauc005	480	204	0	276	0.425	-0.0006931333937147399	-0.0011051007218389646
LFQ	de_method	limma	rots	pauc01	480	184	0	296	0.38333333333333336	-0.0013612437924414578	-0.0044801853639791335
LFQ	de_method	limma	rots	nmcc	480	337	4	139	0.7020833333333333	0.017646226739189197	0.032849184192868856
LFQ	de_method	limma	rots	gmean	480	400	4	76	0.8333333333333334	0.1757000260266207	0.2174077684488124
LFQ	de_method	limrots	rots	pauc001	480	202	12	266	0.42083333333333334	-4.9574428015786154e-05	-0.0048066593878824245
LFQ	de_method	limrots	rots	pauc005	480	233	0	247	0.48541666666666666	-1.946019896975626e-05	-0.0015064036795228823
LFQ	de_method	limrots	rots	pauc01	480	259	1	220	0.5395833333333333	4.735338845340831e-05	-5.404354985371456e-05
LFQ	de_method	limrots	rots	nmcc	480	99	240	141	0.20625	0.0	0.001956547246430402
LFQ	de_method	limrots	rots	gmean	480	164	247	69	0.3416666666666667	0.0	0.015555366542139935
TMT	quant	directlfq	maxlfq	pauc001	192	192	0	0	1.0	0.025718191137517388	0.03277994085600567
TMT	quant	directlfq	maxlfq	pauc005	192	192	0	0	1.0	0.010602871136995762	0.015605322683415558
TMT	quant	directlfq	maxlfq	pauc01	192	192	0	0	1.0	0.007114150861873225	0.012661693366897
TMT	quant	directlfq	maxlfq	nmcc	192	73	86	33	0.3802083333333333	0.0	0.0009406203823061268
TMT	quant	directlfq	maxlfq	gmean	192	73	86	33	0.3802083333333333	0.0	-0.001960776862209511
TMT	quant	directlfq	pibaq	pauc001	192	160	0	32	0.8333333333333334	0.01650397642582896	0.02697395871692358
TMT	quant	directlfq	pibaq	pauc005	192	104	0	88	0.5416666666666666	0.004996250153868065	0.01468179015588166
TMT	quant	directlfq	pibaq	pauc01	192	104	0	88	0.5416666666666666	0.002648904822406817	0.012192011681318955
TMT	quant	directlfq	pibaq	nmcc	192	51	68	73	0.265625	0.0	-0.0036153932879404043
TMT	quant	directlfq	pibaq	gmean	192	0	68	124	0.0	-0.011208566261600356	-0.03885782419458261
TMT	quant	directlfq	sum	pauc001	192	181	0	11	0.9427083333333334	0.033347085763675066	0.03407040360861336
TMT	quant	directlfq	sum	pauc005	192	180	0	12	0.9375	0.015120346310587063	0.01574792924323364
TMT	quant	directlfq	sum	pauc01	192	183	0	9	0.953125	0.01005517370242237	0.012585797698923025
TMT	quant	directlfq	sum	nmcc	192	68	71	53	0.3541666666666667	0.0	0.0037131873067203936
TMT	quant	directlfq	sum	gmean	192	52	71	69	0.2708333333333333	0.0	-0.01006329380976372
TMT	quant	directlfq	top3	pauc001	192	187	0	5	0.9739583333333334	0.03307747290264129	0.03327582337187704
TMT	quant	directlfq	top3	pauc005	192	192	0	0	1.0	0.01631693092293174	0.01725718656824329
TMT	quant	directlfq	top3	pauc01	192	192	0	0	1.0	0.013157807095544594	0.016114722095323525
TMT	quant	directlfq	top3	nmcc	192	64	67	61	0.3333333333333333	0.0	-0.008033977934440249
TMT	quant	directlfq	top3	gmean	192	48	67	77	0.25	0.0	-0.03455446201316118
TMT	quant	maxlfq	pibaq	pauc001	192	60	0	132	0.3125	-0.010690834149457873	-0.005805982139082095
TMT	quant	maxlfq	pibaq	pauc005	192	92	0	100	0.4791666666666667	-0.0016609708410205148	-0.0009235325275338968
TMT	quant	maxlfq	pibaq	pauc01	192	93	0	99	0.484375	-0.0023512406512502526	-0.00046968168557804296
TMT	quant	maxlfq	pibaq	nmcc	192	53	68	71	0.2760416666666667	0.0	-0.00455601367024653
TMT	quant	maxlfq	pibaq	gmean	192	0	68	124	0.0	-0.017035599274663915	-0.0368970473323731
TMT	quant	maxlfq	sum	pauc001	192	138	0	54	0.71875	0.0036142905929449354	0.001290462752607693
TMT	quant	maxlfq	sum	pauc005	192	142	0	50	0.7395833333333334	0.002610326382169459	0.00014260655981808423
TMT	quant	maxlfq	sum	pauc01	192	137	0	55	0.7135416666666666	0.0014287284316957805	-7.589566797397418e-05
TMT	quant	maxlfq	sum	nmcc	192	69	71	52	0.359375	0.0	0.0027725669244142667
TMT	quant	maxlfq	sum	gmean	192	36	71	85	0.1875	0.0	-0.008102516947554211
TMT	quant	maxlfq	top3	pauc001	192	132	0	60	0.6875	0.0051294619306262446	0.0004958825158713648
TMT	quant	maxlfq	top3	pauc005	192	125	0	67	0.6510416666666666	0.0027207093849397346	0.0016518638848277325
TMT	quant	maxlfq	top3	pauc01	192	148	0	44	0.7708333333333334	0.001993537884256602	0.0034530287284265247
TMT	quant	maxlfq	top3	nmcc	192	64	67	61	0.3333333333333333	0.0	-0.008974598316746372
TMT	quant	maxlfq	top3	gmean	192	32	67	93	0.16666666666666666	0.0	-0.032593685150951665
TMT	quant	pibaq	sum	pauc001	192	138	0	54	0.71875	0.018991713204542404	0.0070964448916897875
TMT	quant	pibaq	sum	pauc005	192	128	0	64	0.6666666666666666	0.015664974160305878	0.0010661390873519816
TMT	quant	pibaq	sum	pauc01	192	128	0	64	0.6666666666666666	0.016934238303236565	0.00039378601760407
TMT	quant	pibaq	sum	nmcc	192	87	68	37	0.453125	0.0	0.0073285805946607975
TMT	quant	pibaq	sum	gmean	192	122	68	2	0.6354166666666666	0.020500220118061185	0.028794530384818894
TMT	quant	pibaq	top3	pauc001	192	130	0	62	0.6770833333333334	0.019867153897439815	0.00630186465495346
TMT	quant	pibaq	top3	pauc005	192	120	0	72	0.625	0.015707240061135275	0.0025753964123616294
TMT	quant	pibaq	top3	pauc01	192	128	0	64	0.6666666666666666	0.016799189368372602	0.003922710414004569
TMT	quant	pibaq	top3	nmcc	192	54	68	70	0.28125	0.0	-0.004418584646499844
TMT	quant	pibaq	top3	gmean	192	70	68	54	0.3645833333333333	0.0	0.004303362181421431
TMT	quant	sum	top3	pauc001	192	138	0	54	0.71875	0.00046817628792789057	-0.000794580236736328
TMT	quant	sum	top3	pauc005	192	150	0	42	0.78125	0.0007506140048177401	0.0015092573250096483
TMT	quant	sum	top3	pauc01	192	158	0	34	0.8229166666666666	0.0006193610493678281	0.003528924396400499
TMT	quant	sum	top3	nmcc	192	32	67	93	0.16666666666666666	0.0	-0.011747165241160642
TMT	quant	sum	top3	gmean	192	16	67	109	0.08333333333333333	-0.0035127036051599975	-0.02449116820339746
TMT	normalization	median	none	pauc001	480	143	1	336	0.29791666666666666	-0.0021682963469044636	-0.0045376738540660825
TMT	normalization	median	none	pauc005	480	102	0	378	0.2125	-0.010659377814189519	-0.010050720828488537
TMT	normalization	median	none	pauc01	480	99	0	381	0.20625	-0.01298720662916314	-0.010951901954980626
TMT	normalization	median	none	nmcc	480	94	217	169	0.19583333333333333	0.0	-0.02131687809630518
TMT	normalization	median	none	gmean	480	94	217	169	0.19583333333333333	0.0	-0.01919115707066536
TMT	imputation	impseq	impseqrob	pauc001	120	48	61	11	0.4	0.0	0.0038298908947155467
TMT	imputation	impseq	impseqrob	pauc005	120	56	49	15	0.4666666666666667	0.0	0.0015318631439749338
TMT	imputation	impseq	impseqrob	pauc01	120	57	45	18	0.475	0.0	0.0008572544768829682
TMT	imputation	impseq	impseqrob	nmcc	120	13	103	4	0.10833333333333334	0.0	0.0006086765619351379
TMT	imputation	impseq	impseqrob	gmean	120	12	103	5	0.1	0.0	2.1151348981707808e-05
TMT	imputation	impseq	knn	pauc001	120	23	47	50	0.19166666666666668	0.0	-0.017103365608100787
TMT	imputation	impseq	knn	pauc005	120	33	43	44	0.275	0.0	-0.009049965969836956
TMT	imputation	impseq	knn	pauc01	120	30	42	48	0.25	0.0	-0.0067797701192073715
TMT	imputation	impseq	knn	nmcc	120	28	82	10	0.23333333333333334	0.0	0.0011507365692330046
TMT	imputation	impseq	knn	gmean	120	29	82	9	0.24166666666666667	0.0	0.004491994787489865
TMT	imputation	impseq	mindet	pauc001	120	20	44	56	0.16666666666666666	0.0	-0.01603670837938536
TMT	imputation	impseq	mindet	pauc005	120	32	42	46	0.26666666666666666	0.0	-0.008357095945235997
TMT	imputation	impseq	mindet	pauc01	120	32	42	46	0.26666666666666666	0.0	-0.006776003458797855
TMT	imputation	impseq	mindet	nmcc	120	43	68	9	0.35833333333333334	0.0	0.005039004224714102
TMT	imputation	impseq	mindet	gmean	120	48	68	4	0.4	0.0	0.013977058195635023
TMT	imputation	impseq	minprob	pauc001	120	32	42	46	0.26666666666666666	0.0	-0.008916609951444228
TMT	imputation	impseq	minprob	pauc005	120	41	42	37	0.3416666666666667	0.0	-0.002379469689651087
TMT	imputation	impseq	minprob	pauc01	120	47	42	31	0.39166666666666666	0.0	-0.0010867545588505612
TMT	imputation	impseq	minprob	nmcc	120	43	66	11	0.35833333333333334	0.0	0.004262466206694734
TMT	imputation	impseq	minprob	gmean	120	43	66	11	0.35833333333333334	0.0	0.011954473512985926
TMT	imputation	impseq	none	pauc001	120	25	45	50	0.20833333333333334	0.0	-0.0058772474482248725
TMT	imputation	impseq	none	pauc005	120	34	42	44	0.2833333333333333	0.0	-0.0034921571657087294
TMT	imputation	impseq	none	pauc01	120	32	42	46	0.26666666666666666	0.0	-0.0029816673889904656
TMT	imputation	impseq	none	nmcc	120	39	73	8	0.325	0.0	0.033659900307878264
TMT	imputation	impseq	none	gmean	120	40	73	7	0.3333333333333333	0.0	0.06957865999523412
TMT	imputation	impseq	qrilc	pauc001	120	46	42	32	0.38333333333333336	0.0	-0.005443953117759547
TMT	imputation	impseq	qrilc	pauc005	120	63	42	15	0.525	2.630137809833677e-05	0.00376431047515511
TMT	imputation	impseq	qrilc	pauc01	120	74	42	4	0.6166666666666667	0.00012668549552297126	0.005912479458102267
TMT	imputation	impseq	qrilc	nmcc	120	44	65	11	0.36666666666666664	0.0	0.003175458144262026
TMT	imputation	impseq	qrilc	gmean	120	38	65	17	0.31666666666666665	0.0	0.009919976118909957
TMT	imputation	impseq	seqknn	pauc001	120	23	44	53	0.19166666666666668	0.0	-0.016463923841470655
TMT	imputation	impseq	seqknn	pauc005	120	25	42	53	0.20833333333333334	0.0	-0.008197225396666546
TMT	imputation	impseq	seqknn	pauc01	120	25	42	53	0.20833333333333334	0.0	-0.00584355152893705
TMT	imputation	impseq	seqknn	nmcc	120	22	80	18	0.18333333333333332	0.0	-3.6781860855134944e-05
TMT	imputation	impseq	seqknn	gmean	120	22	80	18	0.18333333333333332	0.0	0.0028335752004851025
TMT	imputation	impseqrob	knn	pauc001	120	21	46	53	0.175	0.0	-0.020933256502816338
TMT	imputation	impseqrob	knn	pauc005	120	33	42	45	0.275	0.0	-0.010581829113811888
TMT	imputation	impseqrob	knn	pauc01	120	31	42	47	0.25833333333333336	0.0	-0.0076370245960903395
TMT	imputation	impseqrob	knn	nmcc	120	27	81	12	0.225	0.0	0.0005420600072978667
TMT	imputation	impseqrob	knn	gmean	120	30	81	9	0.25	0.0	0.004470843438508158
TMT	imputation	impseqrob	mindet	pauc001	120	19	44	57	0.15833333333333333	0.0	-0.019866599274100904
TMT	imputation	impseqrob	mindet	pauc005	120	29	44	47	0.24166666666666667	0.0	-0.009888959089210928
TMT	imputation	impseqrob	mindet	pauc01	120	29	44	47	0.24166666666666667	0.0	-0.007633257935680824
TMT	imputation	impseqrob	mindet	nmcc	120	42	68	10	0.35	0.0	0.004430327662778964
TMT	imputation	impseqrob	mindet	gmean	120	48	68	4	0.4	0.0	0.013955906846653316
TMT	imputation	impseqrob	minprob	pauc001	120	29	42	49	0.24166666666666667	0.0	-0.012746500846159773
TMT	imputation	impseqrob	minprob	pauc005	120	39	42	39	0.325	0.0	-0.003911332833626021
TMT	imputation	impseqrob	minprob	pauc01	120	44	42	34	0.36666666666666664	0.0	-0.0019440090357335294
TMT	imputation	impseqrob	minprob	nmcc	120	41	66	13	0.3416666666666667	0.0	0.0036537896447595957
TMT	imputation	impseqrob	minprob	gmean	120	43	66	11	0.35833333333333334	0.0	0.01193332216400422
TMT	imputation	impseqrob	none	pauc001	120	23	45	52	0.19166666666666668	0.0	-0.00970713834294042
TMT	imputation	impseqrob	none	pauc005	120	28	44	48	0.23333333333333334	0.0	-0.005024020309683663
TMT	imputation	impseqrob	none	pauc01	120	26	44	50	0.21666666666666667	0.0	-0.0038389218658734336
TMT	imputation	impseqrob	none	nmcc	120	39	70	11	0.325	0.0	0.033051223745943124
TMT	imputation	impseqrob	none	gmean	120	40	70	10	0.3333333333333333	0.0	0.0695575086462524
TMT	imputation	impseqrob	qrilc	pauc001	120	39	42	39	0.325	0.0	-0.009273844012475092
TMT	imputation	impseqrob	qrilc	pauc005	120	61	42	17	0.5083333333333333	5.379827338336529e-06	0.0022324473311801764
TMT	imputation	impseqrob	qrilc	pauc01	120	73	42	5	0.6083333333333333	0.0001268169574692446	0.005055224981219299
TMT	imputation	impseqrob	qrilc	nmcc	120	44	65	11	0.36666666666666664	0.0	0.002566781582326888
TMT	imputation	impseqrob	qrilc	gmean	120	39	65	16	0.325	0.0	0.00989882476992825
TMT	imputation	impseqrob	seqknn	pauc001	120	22	44	54	0.18333333333333332	0.0	-0.020293814736186203
TMT	imputation	impseqrob	seqknn	pauc005	120	25	42	53	0.20833333333333334	0.0	-0.00972908854064148
TMT	imputation	impseqrob	seqknn	pauc01	120	25	42	53	0.20833333333333334	0.0	-0.006700806005820018
TMT	imputation	impseqrob	seqknn	nmcc	120	21	80	19	0.175	0.0	-0.0006454584227902729
TMT	imputation	impseqrob	seqknn	gmean	120	23	80	17	0.19166666666666668	0.0	0.002812423851503395
TMT	imputation	knn	mindet	pauc001	120	44	47	29	0.36666666666666664	0.0	0.0010666572287154296
TMT	imputation	knn	mindet	pauc005	120	50	44	26	0.4166666666666667	0.0	0.0006928700246009593
TMT	imputation	knn	mindet	pauc01	120	49	44	27	0.4083333333333333	0.0	3.7666604095163794e-06
TMT	imputation	knn	mindet	nmcc	120	40	75	5	0.3333333333333333	0.0	0.0038882676554810964
TMT	imputation	knn	mindet	gmean	120	42	75	3	0.35	0.0	0.009485063408145157
TMT	imputation	knn	minprob	pauc001	120	49	48	23	0.4083333333333333	0.0	0.008186755656656561
TMT	imputation	knn	minprob	pauc005	120	69	44	7	0.575	2.280022062406406e-05	0.006670496280185868
TMT	imputation	knn	minprob	pauc01	120	69	44	7	0.575	2.221706891397668e-05	0.0056930155603568105
TMT	imputation	knn	minprob	nmcc	120	35	75	10	0.2916666666666667	0.0	0.003111729637461729
TMT	imputation	knn	minprob	gmean	120	35	75	10	0.2916666666666667	0.0	0.007462478725496062
TMT	imputation	knn	none	pauc001	120	52	46	22	0.43333333333333335	0.0	0.011226118159875917
TMT	imputation	knn	none	pauc005	120	55	44	21	0.4583333333333333	0.0	0.005557808804128225
TMT	imputation	knn	none	pauc01	120	55	44	21	0.4583333333333333	0.0	0.003798102730216906
TMT	imputation	knn	none	nmcc	120	35	79	6	0.2916666666666667	0.0	0.03250916373864526
TMT	imputation	knn	none	gmean	120	35	79	6	0.2916666666666667	0.0	0.06508666520774423
TMT	imputation	knn	qrilc	pauc001	120	71	44	5	0.5916666666666667	0.00012509804297627936	0.01165941249034124
TMT	imputation	knn	qrilc	pauc005	120	72	42	6	0.6	0.0001335563485250768	0.012814276444992063
TMT	imputation	knn	qrilc	pauc01	120	72	42	6	0.6	9.894935989279707e-05	0.012692249577309639
TMT	imputation	knn	qrilc	nmcc	120	41	69	10	0.3416666666666667	0.0	0.0020247215750290215
TMT	imputation	knn	qrilc	gmean	120	32	69	19	0.26666666666666666	0.0	0.005427981331420092
TMT	imputation	knn	seqknn	pauc001	120	47	51	22	0.39166666666666666	0.0	0.0006394417666301333
TMT	imputation	knn	seqknn	pauc005	120	47	45	28	0.39166666666666666	0.0	0.0008527405731704093
TMT	imputation	knn	seqknn	pauc01	120	47	45	28	0.39166666666666666	0.0	0.0009362185902703213
TMT	imputation	knn	seqknn	nmcc	120	3	96	21	0.025	0.0	-0.0011875184300881396
TMT	imputation	knn	seqknn	gmean	120	3	96	21	0.025	0.0	-0.0016584195870047631
TMT	imputation	mindet	minprob	pauc001	120	58	46	16	0.48333333333333334	0.0	0.007120098427941131
TMT	imputation	mindet	minprob	pauc005	120	57	44	19	0.475	0.0	0.005977626255584909
TMT	imputation	mindet	minprob	pauc01	120	54	44	22	0.45	0.0	0.005689248899947294
TMT	imputation	mindet	minprob	nmcc	120	11	90	19	0.09166666666666666	0.0	-0.0007765380180193677
TMT	imputation	mindet	minprob	gmean	120	8	90	22	0.06666666666666667	0.0	-0.0020225846826490957
TMT	imputation	mindet	none	pauc001	120	46	48	26	0.38333333333333336	0.0	0.010159460931160488
TMT	imputation	mindet	none	pauc005	120	46	46	28	0.38333333333333336	0.0	0.004864938779527266
TMT	imputation	mindet	none	pauc01	120	46	46	28	0.38333333333333336	0.0	0.0037943360698073896
TMT	imputation	mindet	none	nmcc	120	29	72	19	0.24166666666666667	0.0	0.028620896083164163
TMT	imputation	mindet	none	gmean	120	26	72	22	0.21666666666666667	0.0	0.05560160179959908
TMT	imputation	mindet	qrilc	pauc001	120	69	46	5	0.575	0.00011484753443813389	0.010592755261625812
TMT	imputation	mindet	qrilc	pauc005	120	69	43	8	0.575	8.966378897140581e-05	0.012121406420391105
TMT	imputation	mindet	qrilc	pauc01	120	68	42	10	0.5666666666666667	5.464434898555526e-05	0.012688482916900123
TMT	imputation	mindet	qrilc	nmcc	120	15	80	25	0.125	0.0	-0.0018635460804520753
TMT	imputation	mindet	qrilc	gmean	120	12	80	28	0.1	0.0	-0.004057082076725066
TMT	imputation	mindet	seqknn	pauc001	120	34	46	40	0.2833333333333333	0.0	-0.0004272154620852962
TMT	imputation	mindet	seqknn	pauc005	120	28	44	48	0.23333333333333334	0.0	0.00015987054856944998
TMT	imputation	mindet	seqknn	pauc01	120	34	44	42	0.2833333333333333	0.0	0.0009324519298608049
TMT	imputation	mindet	seqknn	nmcc	120	5	70	45	0.041666666666666664	0.0	-0.005075786085569235
TMT	imputation	mindet	seqknn	gmean	120	4	70	46	0.03333333333333333	0.0	-0.01114348299514992
TMT	imputation	minprob	none	pauc001	120	34	46	40	0.2833333333333333	0.0	0.003039362503219355
TMT	imputation	minprob	none	pauc005	120	38	44	38	0.31666666666666665	0.0	-0.0011126874760576425
TMT	imputation	minprob	none	pauc01	120	36	44	40	0.3	0.0	-0.0018949128301399044
TMT	imputation	minprob	none	nmcc	120	31	71	18	0.25833333333333336	0.0	0.02939743410118353
TMT	imputation	minprob	none	gmean	120	33	71	16	0.275	0.0	0.05762418648224817
TMT	imputation	minprob	qrilc	pauc001	120	67	44	9	0.5583333333333333	1.9455046817384858e-05	0.0034726568336846805
TMT	imputation	minprob	qrilc	pauc005	120	74	42	4	0.6166666666666667	8.629072262444915e-05	0.006143780164806197
TMT	imputation	minprob	qrilc	pauc01	120	71	42	7	0.5916666666666667	5.722976726152407e-05	0.006999234016952829
TMT	imputation	minprob	qrilc	nmcc	120	21	84	15	0.175	0.0	-0.0010870080624327076
TMT	imputation	minprob	qrilc	gmean	120	16	84	20	0.13333333333333333	0.0	-0.00203449739407597
TMT	imputation	minprob	seqknn	pauc001	120	28	48	44	0.23333333333333334	0.0	-0.0075473138900264275
TMT	imputation	minprob	seqknn	pauc005	120	9	44	67	0.075	-1.421811510832205e-05	-0.005817755707015458
TMT	imputation	minprob	seqknn	pauc01	120	7	44	69	0.058333333333333334	-1.8930520258031436e-05	-0.004756796970086489
TMT	imputation	minprob	seqknn	nmcc	120	7	74	39	0.058333333333333334	0.0	-0.004299248067549869
TMT	imputation	minprob	seqknn	gmean	120	10	74	36	0.08333333333333333	0.0	-0.009120898312500824
TMT	imputation	none	qrilc	pauc001	120	53	45	22	0.44166666666666665	0.0	0.00043329433046532527
TMT	imputation	none	qrilc	pauc005	120	65	42	13	0.5416666666666666	3.5267756995305266e-05	0.007256467640863839
TMT	imputation	none	qrilc	pauc01	120	67	42	11	0.5583333333333333	6.308772403923468e-05	0.008894146847092731
TMT	imputation	none	qrilc	nmcc	120	28	66	26	0.23333333333333334	0.0	-0.03048444216361624
TMT	imputation	none	qrilc	gmean	120	17	66	37	0.14166666666666666	0.0	-0.059658683876324135
TMT	imputation	none	seqknn	pauc001	120	21	46	53	0.175	0.0	-0.010586676393245783
TMT	imputation	none	seqknn	pauc005	120	16	44	60	0.13333333333333333	-3.4157633893583395e-07	-0.004705068230957816
TMT	imputation	none	seqknn	pauc01	120	19	44	57	0.15833333333333333	0.0	-0.0028618841399465846
TMT	imputation	none	seqknn	nmcc	120	3	77	40	0.025	0.0	-0.0336966821687334
TMT	imputation	none	seqknn	gmean	120	2	77	41	0.016666666666666666	0.0	-0.066745084794749
TMT	imputation	qrilc	seqknn	pauc001	120	5	44	71	0.041666666666666664	-0.00012635320728709987	-0.011019970723711107
TMT	imputation	qrilc	seqknn	pauc005	120	6	42	72	0.05	-0.00012535851639050577	-0.011961535871821657
TMT	imputation	qrilc	seqknn	pauc01	120	5	42	73	0.041666666666666664	-0.00012449446308582246	-0.011756030987039317
TMT	imputation	qrilc	seqknn	nmcc	120	8	67	45	0.06666666666666667	0.0	-0.003212240005117161
TMT	imputation	qrilc	seqknn	gmean	120	18	67	35	0.15	0.0	-0.007086400918424855
TMT	de_method	deqms	limma	pauc001	240	160	0	80	0.6666666666666666	0.0034843610725109886	0.0021647404433614587
TMT	de_method	deqms	limma	pauc005	240	125	1	114	0.5208333333333334	0.0003565994674781803	-0.0013954615885256848
TMT	de_method	deqms	limma	pauc01	240	120	0	120	0.5	-1.5640327520882735e-05	-0.0014519457567917283
TMT	de_method	deqms	limma	nmcc	240	11	166	63	0.04583333333333333	0.0	-0.0017693145587433154
TMT	de_method	deqms	limma	gmean	240	19	166	55	0.07916666666666666	0.0	-0.0031776709221447833
TMT	de_method	deqms	limrots	pauc001	240	147	0	93	0.6125	0.002501853715532798	-0.0008912556299588717
TMT	de_method	deqms	limrots	pauc005	240	101	0	139	0.42083333333333334	-0.0007704636498148121	-0.004992887888702607
TMT	de_method	deqms	limrots	pauc01	240	95	0	145	0.3958333333333333	-0.000577756184331979	-0.004662108090893606
TMT	de_method	deqms	limrots	nmcc	240	190	4	46	0.7916666666666666	0.023000408942392248	0.03203215563716146
TMT	de_method	deqms	limrots	gmean	240	231	4	5	0.9625	0.1219190483680054	0.17784283324141767
TMT	de_method	deqms	rots	pauc001	240	158	0	82	0.6583333333333333	0.003005700136259004	0.0020697163005506205
TMT	de_method	deqms	rots	pauc005	240	121	0	119	0.5041666666666667	0.00010261124277854972	-0.0026101773768876227
TMT	de_method	deqms	rots	pauc01	240	117	0	123	0.4875	-6.470122678958745e-05	-0.00272025823325744
TMT	de_method	deqms	rots	nmcc	240	182	13	45	0.7583333333333333	0.01921962260270016	0.03099654165850118
TMT	de_method	deqms	rots	gmean	240	223	13	4	0.9291666666666667	0.1219190483680054	0.17577196758421365
TMT	de_method	limma	limrots	pauc001	240	112	26	102	0.4666666666666667	0.0	-0.0030559960733203303
TMT	de_method	limma	limrots	pauc005	240	35	25	180	0.14583333333333334	-0.0008677642157929322	-0.0035974263001769214
TMT	de_method	limma	limrots	pauc01	240	37	23	180	0.15416666666666667	-0.000707210008476622	-0.003210162334101878
TMT	de_method	limma	limrots	nmcc	240	197	1	42	0.8208333333333333	0.02582531328661969	0.03380147019590477
TMT	de_method	limma	limrots	gmean	240	238	1	1	0.9916666666666667	0.1219190483680054	0.18102050416356247
TMT	de_method	limma	rots	pauc001	240	109	1	130	0.45416666666666666	-0.0005446907629515496	-9.502414281083819e-05
TMT	de_method	limma	rots	pauc005	240	66	0	174	0.275	-0.0006012661210459402	-0.0012147157883619377
TMT	de_method	limma	rots	pauc01	240	74	0	166	0.30833333333333335	-0.00032337770753571027	-0.001268312476465712
TMT	de_method	limma	rots	nmcc	240	193	5	42	0.8041666666666667	0.020113922863385203	0.032765856217244496
TMT	de_method	limma	rots	gmean	240	234	5	1	0.975	0.1219190483680054	0.17894963850635845
TMT	de_method	limrots	rots	pauc001	240	119	0	121	0.49583333333333335	-8.15856802016679e-06	0.0029609719305094926
TMT	de_method	limrots	rots	pauc005	240	178	0	62	0.7416666666666667	0.0008596622510238516	0.0023827105118149837
TMT	de_method	limrots	rots	pauc01	240	182	0	58	0.7583333333333333	0.0006089755556152321	0.001941849857636166
TMT	de_method	limrots	rots	nmcc	240	17	185	38	0.07083333333333333	0.0	-0.0010356139786602857
TMT	de_method	limrots	rots	gmean	240	17	185	38	0.07083333333333333	0.0	-0.0020708656572040202
