ProteinName,DDAAPT-D5-1,DDAAPT-D6-1,DDAAPT-F7-1,DDAAPT-M8-1,DDAAPT-D5-2,DDAAPT-D6-2,DDAAPT-F7-2,DDAAPT-M8-2,DDAAPT-D5-3,DDAAPT-D6-3,DDAAPT-F7-3,DDAAPT-M8-3,DIAAPT-D5-1,DIAAPT-D6-1,DIAAPT-F7-1,DIAAPT-M8-1,DIAAPT-D5-2,DIAAPT-D6-2,DIAAPT-F7-2,DIAAPT-M8-2,DIAAPT-D5-3,DIAAPT-D6-3,DIAAPT-F7-3,DIAAPT-M8-3,DIABGI-D5-1,DIABGI-D6-1,DIABGI-F7-1,DIABGI-M8-1,DIABGI-D5-2,DIABGI-D6-2,DIABGI-F7-2,DIABGI-M8-2,DIABGI-D5-3,DIABGI-D6-3,DIABGI-F7-3,DIABGI-M8-3,DDAFDU-D5-1,DDAFDU-D6-1,DDAFDU-F7-1,DDAFDU-M8-1,DDAFDU-D5-2,DDAFDU-D6-2,DDAFDU-F7-2,DDAFDU-M8-2,DDAFDU-D5-3,DDAFDU-D6-3,DDAFDU-F7-3,DDAFDU-M8-3,DIAFDU-D5-1,DIAFDU-D6-1,DIAFDU-F7-1,DIAFDU-M8-1,DIAFDU-D5-2,DIAFDU-D6-2,DIAFDU-F7-2,DIAFDU-M8-2,DIAFDU-D5-3,DIAFDU-D6-3,DIAFDU-F7-3,DIAFDU-M8-3,DDANVG-D5-1,DDANVG-D6-1,DDANVG-F7-1,DDANVG-M8-1,DDANVG-D5-2,DDANVG-D6-2,DDANVG-F7-2,DDANVG-M8-2,DDANVG-D5-3,DDANVG-D6-3,DDANVG-F7-3,DDANVG-M8-3
A0A024R210,32.662938327232176,32.39164821596181,32.15900879001091,33.60157902964005,33.11743038938333,32.71531136340196,32.40934098572821,33.50060932260578,33.268682235594795,32.72733034420135,32.65195403559615,33.60837863722797,33.06847992279382,32.73688930345919,32.64709904625512,33.707008199756324,33.133900018528486,32.54979764417896,32.428602425885714,33.36822672479471,33.019475789009434,32.67953779079775,32.59058562322986,33.73976749142664,33.00247260497044,32.677253824423275,32.30998571652696,33.584894885399976,33.21056109666589,32.73452483359716,32.64115020920305,33.58024733769011,33.189295367639566,32.75043801368041,32.589810671681384,33.60406512769279,32.71391448021393,32.744683990679746,32.74922129457909,33.37864127390192,32.99934276392345,32.61369118485008,32.13842670200632,33.657636050912004,33.436388125072085,32.54111766974384,32.75136639296319,33.414392375376536,33.202063880310135,32.542219920619786,32.70284279486382,33.596419509907285,33.335328636133866,32.47309633309507,32.56819686670096,33.46483081229558,33.20168194391207,32.6060296833099,32.510203156920475,33.739228615766805,33.043078949934234,32.59177310421637,32.52197105433183,33.39589220539771,33.220237702805164,32.66232701823768,32.647263023143445,33.74413723650052,32.96342094353003,32.6027469062547,31.96588346475168,33.389650231115844
O00425,32.88059327502889,32.744145793784305,32.84924749045564,33.15441956547715,32.8081065306948,32.86285154622206,32.61190114430276,33.02106915356193,32.638734507097226,32.81143238248856,32.95248879669564,33.25799113024704,32.79114778285606,32.642460957024795,32.918344374824954,32.9353972784908,32.77839258839751,32.429906487279034,32.91033254331526,33.172720788743014,32.9576673410674,32.77952520172633,33.08700404419409,33.121749734871415,32.72369601526688,32.72776716483941,33.06455741476999,33.054450593781574,32.44485292408649,32.89546059298648,32.95636766817073,33.20006429093601,32.790093508869354,32.93869598852045,32.93458688493676,32.97108761540822,32.80504088749879,32.8164242599801,32.949839314466345,32.96238167962566,33.013496119265355,32.80422024496137,32.959852831659404,33.135665629649566,32.63842392175356,32.62810509388317,33.003642857822804,33.16040755319066,33.03155351140213,32.7901813799045,32.858330830896264,33.18948196236726,32.88941889730326,32.683324334743986,32.9861140220205,33.20567417853902,32.90387431082399,32.65328174955846,32.840931117390966,32.8672463237453,32.72591717776468,32.99604092018804,33.00779229625749,33.04859287682336,33.02414586343104,32.7917303499383,32.919035835477324,33.00975549041302,32.55306956683172,32.67517627162478,33.03223742393063,32.95138356868219
O60763,33.527546037997375,34.034276308649446,34.167197303976,34.190253644351415,33.774593149292386,34.27333496421176,34.2620101558851,33.80396759195233,34.084727503917,34.28712872943621,34.33456521256532,33.89207557019884,33.841663170456314,34.526323865656046,34.51618714705045,34.10364157496979,33.91861089580251,34.135309441338826,34.15036353614431,33.76984218609455,33.75288270434076,34.0792367167972,34.259793855855605,33.6140318179688,33.61608123167438,34.34654530446133,34.35822955361935,33.905781852944806,33.774196102059086,34.3337045971271,34.26528926733352,33.965879933417256,33.7584695140463,34.19205170382695,34.26434782379357,33.84969478427064,33.69725227032942,34.30403290471869,34.393893042272914,33.914576654881344,33.767560799852944,34.1777530860973,34.24330979413174,34.06290901858601,33.71143082863862,34.33526407927802,34.423885685111244,33.97336454281138,33.80388752704139,34.19374895859144,34.50666056126361,33.87698226217406,33.69724088904745,34.1823881380758,34.3881544431748,33.91293108678054,33.849376540024686,34.118962446710135,34.39619331086224,33.91716837412793,33.80192715988873,34.27790144553897,34.2152600796848,33.87663911312752,33.88563786069629,34.37854882009747,34.43549173696131,33.84973398654029,33.81421029568937,34.00990656955436,34.34128748638225,34.01886051589015
O75475,32.71878916538915,32.23987687209929,32.899891059739154,32.63633190457996,33.67033259855765,32.969193920684305,32.78930191625971,32.58673838465524,33.53185140346553,33.10028753269171,32.97499116711808,32.48470045244353,33.73045651806753,32.7809959896179,33.338072858705495,32.65968407470108,33.03160967508617,32.38957176222017,32.709598786804044,32.26557685818245,32.86088934544485,32.565127640146635,32.56722970875971,33.17029957628176,33.22439939295807,33.162640862135504,32.793088083814766,32.67548703989618,33.33110599499658,32.93620027761233,32.612807678189775,32.608657849124235,33.487889250713046,31.992543221937066,32.79078650468779,32.64212625718541,33.10799286548234,33.07302121197587,33.37622028025591,32.44787167141778,32.58860985284022,32.889190162066505,32.09819784954317,32.98138810320291,32.87942748421551,32.76962279822677,33.47633806248031,33.14832547065955,33.310911122768445,32.71523297036772,33.006890584017754,32.920865920129934,33.23628998897339,33.021331265199024,33.25333141941007,32.59952331178545,33.28570110558821,32.79973998096309,32.07586167130732,32.7812974876967,33.297718372653065,33.04435682875065,32.63485961596966,32.84499876792904,33.348049709433546,32.9000634919969,32.610113436000525,32.499691106996536,33.807325572355424,32.591447868277584,32.68661217087215,32.75706222447795
O75533,32.80464104986969,32.902894396909886,33.04448589661975,32.91368966732242,32.84108419665957,32.855187350596275,33.010904932936526,33.19002872256516,32.73056330587654,33.29249225118176,32.79036900750079,32.92690985868067,32.76085329185123,33.30831438652706,33.040108329908314,32.88174105841389,32.73260936626405,32.80000034442776,32.90118813672035,33.01826099061863,32.82863734381997,33.19491838451493,32.98913691906775,32.922430154939896,32.80670348306212,32.89167231619817,32.9630375436739,32.96223455546224,32.95419842804756,33.38206096771445,32.85527113585001,32.97887736197151,32.92818173685129,32.90218311856878,32.61797009363294,32.97858294097051,32.64259439047588,33.06751954373315,32.97444121744421,32.962971291267955,33.10441381734536,33.07966066640353,32.68414295144701,32.870123074971275,33.02499660293452,32.97635803350148,32.92731706972522,32.963891561731145,33.07558375114199,32.941024779016914,32.67094353051386,32.93658972413989,33.16294542973658,32.914685981257485,32.8694573621717,32.93977998601476,32.96174235981548,33.23995131040984,32.67267205572439,32.95263292583731,32.93926932109508,32.84899899449289,32.89737970045102,33.03761023412059,33.020755404329854,32.619851611854244,32.6479740891964,33.13292425617412,32.873433883454304,32.99945873598074,33.076138745892386,33.24237039390636
O94804,33.27986392859425,32.78768659349125,32.90840777170101,32.797053638503215,33.308385731221016,33.05301042952787,32.78042012010486,33.163234780091734,33.39401059475394,32.79607998331988,33.18445756438084,33.14738543916628,33.0312810842562,33.17014706735747,32.9391820416608,32.82979241560559,33.52653667841949,32.621646051216715,32.49448183581909,33.28746594301558,33.19442469985015,33.25553832758062,33.14872939014395,33.343664047591204,33.03423600625353,32.81336300530541,32.51636898967149,33.2171826690811,33.08539546235893,33.12554206174937,33.07792471135163,33.09594711821373,33.14661351195116,33.178143363943526,32.90612862338659,33.350959804318926,33.23815304348031,32.80923387450427,32.872726070761416,33.31986530367844,33.331784881530986,32.67065822535832,32.84557626382063,32.99734073766918,33.30868604540903,33.039308127917174,33.095771839020834,33.03967472399019,33.35289353052144,32.86313698120203,32.86307020415076,33.02127505304079,33.43977540757817,32.67012246968765,32.915508452822365,33.28645187412392,33.31817973602708,32.639584813947685,32.98545532079568,33.28545794310385,33.65454138874264,32.792998484068015,32.8618916324658,33.192032812905246,33.11904579715256,32.7282792904635,33.16803950354004,33.00737939599885,33.18796213994796,32.80894055634011,32.94956344198761,33.11926586420308
O94874,31.35319725349077,31.988762744611808,31.796650892643516,31.93202816652144,31.36114565013344,31.797813048157614,31.725489748111368,31.390636064374192,31.47832875202251,31.97486520933777,31.89352582139336,31.86132618297833,31.277436163836487,31.83660892196638,31.93722990257054,31.63236129240032,31.712196355301405,31.90956606345307,31.83364985858617,32.108586816466094,31.246835508313502,31.574468493116974,31.266394659300182,32.057939583434546,31.288509251437628,31.843030129785102,31.948167604239767,31.978169176399664,31.35708687205888,32.01623253719104,31.80418528262637,31.4871843119288,31.36543194465788,31.86444392914548,31.90476350256037,31.52203314979711,31.49545009160516,31.682497473535594,31.82465868781504,31.88496813581433,31.791807286279347,31.913496734654032,31.910161158389613,31.5886687680543,31.065265137760825,32.028632637856184,31.65347177457013,31.55073077772841,31.347228578701863,31.325008603148586,31.7768663623142,31.040304178945945,31.781652416399595,31.938595107777047,31.83985798272049,31.72693470803019,31.990967001616347,32.03793301479114,31.68043356708208,31.863086924495157,31.520139069654647,32.10125111706951,31.96643809415812,31.90836601944629,31.213822258053185,31.911120414700505,31.658523497387502,32.10360213453155,31.1818843697607,31.83687596806393,31.48705494593904,31.54065219956416
O94906,32.786757569502015,32.881196196110174,32.526685309861875,32.71320996690978,32.9456130759481,32.99096584472045,32.772199042384166,33.01808244841419,32.79593981787195,32.79122216164139,32.5374960240566,32.73334466166834,32.88411410539219,32.94301063622238,32.69669441468424,33.1100455151617,32.985742033283906,32.715244629138034,32.59399857436285,32.55077594657092,32.88790300388788,32.76778769189526,32.80050196107832,32.59149470842112,33.01580709349953,32.80730296164942,32.53496569107695,32.79645215525888,32.89158918698993,32.6603010784042,32.56381422829092,32.91759993717385,32.972157416390964,32.80982236086639,32.568745384242085,32.571550863390904,33.05419875748609,33.13396926785279,32.79589660248724,32.67844261721074,32.7877957676344,32.75723685619249,32.83504642619555,32.81582459788044,32.76938506689136,32.75785027413441,32.63670570851269,32.43111668617588,32.90059569252125,32.8637564938065,32.514758892201,32.71094958958808,32.99618368981574,32.71166809647828,32.50187937580082,32.86844627982704,32.97530715992876,32.77372526919766,32.64812925428274,32.75336154696286,32.99670589036623,32.675963924565835,32.54261289070502,32.93941395982097,33.08920065017849,32.808614125237895,32.5912976235034,32.73427064168034,32.768539584393565,32.939643258474376,32.621338528977745,32.72501069947962
O95218,32.714457050657174,32.76670799267664,32.42890915919885,32.93183528013191,32.59022221409803,32.91917458716602,32.726670988602386,32.98529355312026,32.86966252227445,32.604776679863924,32.69786299534043,32.76124180243106,32.947912239023566,32.604740242849665,32.68434636185881,33.05163815125495,32.792192484937274,32.95156704476171,32.27679201502925,33.121745775748366,32.78766444955719,32.371853491031246,32.42426859653199,32.700983591670955,32.915624375811674,32.40424435934305,32.51108702704916,32.99477419029695,32.08238307164411,32.76262293488637,32.53275091889817,33.002336361923554,32.914959831223285,32.513841941176345,32.69290567708732,33.0975469202657,32.84828330462015,32.922106699086044,32.43579022423409,32.73836952205395,32.75386480630718,32.75158124964911,32.434053782253734,32.73227830702996,32.945059214683326,33.1035284556205,32.55307501044127,32.54816695606884,32.909942660058626,32.609212365857275,32.24070873977907,32.89393619592997,32.892067723119766,32.93131526241741,32.550779626935025,33.00658833895287,32.91497105529572,32.52041061849761,32.402371776081175,32.860721441007634,32.89960626805963,32.51694567326024,32.53915552742811,32.77236369674282,32.90974050386738,32.5484248482114,32.65975273640675,32.86951185875806,33.01888148379743,32.50153088077048,32.719193363801494,33.01256672297387
P08575,32.47506968439105,32.30345255668502,32.16317759470082,32.93797880502269,32.565075895124785,32.14653363241632,32.23982137302001,32.881990690569296,32.644237534806265,32.15726889073096,32.27154623576524,32.76873611398337,32.568387287933255,32.09736062416103,32.468573969433834,32.74362843746755,32.67666816732409,32.26251357410847,32.407331885318136,32.746865704961486,32.65836216395189,32.24459738663116,32.04748578311381,32.77638136937082,32.57963511220264,32.22512691880777,32.38082922733579,32.847683586311426,32.52757687093597,32.20182495317287,32.31618789832682,32.805508834614244,32.50629444532015,32.092957460702856,32.406239651491305,32.74200118459562,32.69297926241212,32.22390022577204,32.29489380860252,32.564874106901925,32.417911915441564,32.001710893261304,32.7357721186638,32.71022809624044,32.76259410219727,32.14277066789326,32.20681183799618,32.624146103575974,32.56689253700815,32.23193233876177,32.48968326795993,32.63759427339742,32.55530762765304,32.24837351143016,32.1112838034614,32.96418039162195,32.47640001114582,32.33965888352271,32.06873097358803,32.885175314865855,32.79533474627491,32.32529119118644,32.2749939549142,32.746956247787786,32.66983500897005,32.37274747861702,32.43674821965751,32.357114611777284,32.789288870461974,31.929021810462903,32.48335947281555,32.12898004220994
P08754,31.51878727442699,31.68836120292585,31.913316467483185,31.36032632924847,31.64900522022269,31.592091421310258,31.8096939209027,32.177147882735426,31.796324574668308,32.10703468350952,31.935612818509213,31.603469712349,31.728628247000007,31.881225016011623,31.80588870917754,31.39114202027723,31.94143211691172,31.820050210255147,32.09832011926819,31.72845131076537,31.76929571140951,31.606717509449584,31.79337796814776,31.53475986780907,31.749058303760545,31.797167713557,31.36689132093148,31.512737584646363,31.606410405301254,31.775129719278723,31.41893271999365,31.93753441938271,31.9996372598246,31.803409142496324,32.03082483203244,32.005539449507594,31.541719596625544,31.775351648878168,31.568485573668145,31.71343271829699,32.15237475036541,31.771297283579752,31.37520748679729,31.479580197862337,31.997216620988223,32.0868050446091,31.92642764816213,32.07102675670322,31.38133536727246,31.632593426161197,31.375076768626723,31.441366749365443,32.02336082091715,31.92702361243179,31.622775680319293,31.61281094493273,32.099095133536586,31.80906396040624,31.89608100643723,31.94216993064008,31.48662768897918,31.314621912004387,31.932426986381625,31.488332738080764,31.654681087950944,31.88159684733501,31.808435402357844,31.68195265928184,31.812419452033883,31.991188084255636,32.26274670633228,31.804704475121405
P09914,32.10865875547412,32.23827642844028,32.297117882795526,33.31400338575793,31.88229922124037,32.04280599263233,31.903487594420785,33.63300647946273,32.395934424597854,32.15069807678775,31.643366702797216,33.49002554775348,32.4528125483855,31.758338817188037,32.09002182498841,33.467860235033925,31.91574958309113,32.0606467477794,31.9314815906048,33.2474233541793,32.37910316793582,31.82800360722456,32.3175301759545,33.46578614581522,31.58297142504612,31.82009327328082,32.01046337483481,33.226308424612675,32.20539140325313,32.32608243890832,31.8263222928422,33.50219350111493,32.65017493698895,32.0936346187316,31.82842553591317,33.40783526270145,31.934371447808203,32.01740096512959,31.9099312512569,33.5120609894037,32.433657538271554,32.17798206130809,32.387884876075795,33.34379332523744,32.491222121984066,31.865653663376303,31.722742375846394,33.14221543620412,32.016360873662315,32.03171105540671,32.16973553520749,33.50797657612961,32.003460076984545,31.869886973550862,31.615781891228917,33.29118020188,32.39102236815256,32.02511382765415,31.74392743279057,33.4547195498774,32.36440916300269,32.292270178195274,31.47063157933961,33.18259024903048,32.02683497799765,32.185803369687065,31.92811361880953,33.27102509463366,32.339150574537605,32.152075579479494,32.427686583743345,33.182819115477805
P12270,34.17474350483808,34.05744984570431,33.89538371452619,34.26865498655126,34.177977861307575,34.02134472884928,33.979479643436285,34.30643973847594,34.15721121762182,34.08713157639868,34.0573762753433,34.22105812024241,34.16701628056247,33.98832696264114,33.91714721820669,34.32052348158888,34.19926202762843,34.085499154794235,33.91740715095915,34.261150643803404,34.28222643761399,34.02565372831849,34.09799793872487,34.20211312731448,33.918369665644484,34.11425606830104,34.14379436248775,34.251302412266206,34.13518088921787,34.14092691725808,33.859239698877595,34.14376401548084,34.30146478844045,34.16078187406576,34.00472151985435,34.23057723173483,34.161620133202284,34.176415181506385,34.0221091462984,34.1458437510685,34.20729536963518,34.243638373859866,33.90350302735294,34.04460200243935,34.25217840470753,34.12082835873411,33.989996895340425,34.20917387310626,34.16755248290458,34.080485594351984,33.96318317490075,34.13903438854752,34.17422801640376,34.01274983021054,33.98874525153868,34.39583603371642,34.19946348955791,34.157686140743635,33.991711504552335,34.21679604843396,34.206013895083544,33.9792642788208,34.125457906272885,34.15126882175911,34.23950620430314,34.107370898662225,34.049799230962044,34.21770116128268,34.16393953409916,34.195980361221395,33.921717377413685,34.290426988837126
P16401,34.69087656564247,33.80999280649168,33.714503182255264,33.681501927934704,34.489258976584104,34.21236913765463,33.298166200877205,33.50470098175266,34.135148490393256,34.03657352106635,33.4036090766048,33.966832266004886,34.331969151849194,34.24203434202037,33.31919081653196,33.50269441035674,34.076058124310855,34.356853278573546,33.82172681741391,33.61356465288222,34.40878229387041,34.4077850424558,33.70545683210322,33.61225340261015,34.392823567294904,34.2779687254543,33.33724663757417,33.68785488884767,34.283255441150686,34.34476804019146,33.67731636891157,33.47053090464078,34.20285885584453,34.23085413467721,33.70904295223979,33.517654538179606,34.23187477970398,34.23134512298358,33.67381102437543,33.663858991199675,34.28481748580521,34.46401119118561,33.55940058767537,33.69408112401996,34.39537743294425,33.905838588724706,33.520142722079335,33.45099904961342,34.31429687585894,34.31869344844459,33.36935752254454,33.64335820760265,34.30256926504197,34.607270876711176,33.68286378786992,33.55403714841401,34.34472343815396,34.1052666080918,33.263250146326335,33.65956544002814,34.60243551479738,34.43456081988448,33.457719825716595,33.817126913162284,34.40951421831236,33.98419926717495,33.44516691525075,33.5189253502777,34.151367235686344,33.91665079204743,33.32213411122704,33.430689486268186
P25398,35.74891992964174,36.24402268836783,36.08102035912294,35.95177306756815,35.90559036659717,36.14445036561333,36.23895935562204,36.19839699626011,36.10601856313162,36.10173224680162,35.92182299402959,35.83050490370824,35.85913905150353,36.04177824443158,36.13098949140916,36.04863628610661,36.12080277040763,35.94775485303669,36.07458102246502,36.273711501970254,35.960842112657105,36.44492215549864,35.973055684410085,36.04716257822552,35.99074162100612,36.21100253553095,35.920552126869914,36.18070676566681,36.02110269871853,36.24162927084503,36.02737416236321,36.06389915092854,35.88420646302824,36.21358351841636,36.11327623907923,36.034518061374754,35.80889168580122,36.14079024670093,35.87791463448416,35.763700930142484,35.90914428101951,35.927710382371586,36.185228662094566,36.196262386294144,35.898288494821244,36.145179836617565,36.11127363348726,36.35689252885681,36.03047478575071,36.18211821563682,36.1926917015084,35.97525075764192,35.88278854959353,36.02133524852456,36.08951462930018,36.00303127402076,35.9990322579346,36.13078325313885,36.077421943795976,36.25503358631873,35.87678750283113,36.17623894190851,35.92121267278343,35.96120016037574,36.16865258951852,36.17286982411394,36.20094694295915,36.142052103010336,36.13498163503456,35.911013918411136,35.99481632789317,36.12401158416445
P27694,31.995356025975948,32.334279949932565,31.706422097096745,32.03224179150959,31.945698171287347,32.001094327927774,31.64255019594217,32.0245488118169,31.829795262748267,32.10917824658388,31.685968716867716,31.808082371092592,31.98648191464196,32.32671247081098,31.533758122444823,32.040271867141605,31.87648218684966,32.00834062315163,31.61840887551445,32.03621835993461,31.99438368706982,32.21030392432898,31.692763600299912,31.842200392907213,31.734044957049075,32.38466555251437,31.84867964900453,32.151429741783645,31.647224836860907,31.910313051009705,31.886628374443696,31.98185089572077,32.09913118298398,31.83731681674849,31.44302193593616,32.01976127219483,32.16758886182057,32.049210500306735,32.16288913054618,31.90538343588428,32.13313955057351,32.262881273117955,31.765694313043795,31.624874469903244,32.04173845963502,32.21686934056019,31.452499277214617,31.79572941655269,32.19903014830328,31.6778450518286,31.41323960326015,31.947115740686304,31.9155587492724,32.1798255727211,31.635048183834048,32.05153008849847,32.22050715375038,32.154942270249464,31.90151153398962,32.05170483691521,31.97467700222444,32.06918468117652,31.767003874864944,32.148467353388995,31.65537427138722,32.07077168719871,31.909600620937912,31.83482355503079,31.664178462757526,32.23434238510346,31.84542245763338,32.24937113822962
P31689,31.1166484714202,30.988060268226462,31.183301876334337,30.758184519630767,31.32902554922659,32.182865547813414,30.656192282842184,31.039242330320075,31.183298359229497,31.75566880563466,30.757792855952516,31.7627087602231,31.014149502958457,31.73396426555868,30.754679174585345,30.99052638587017,31.05985899697934,31.10463647467946,31.520672019627018,31.41962963959496,31.196470518744015,31.166424563157985,30.874707415089382,30.984960785775545,31.804694562315383,30.920872830915453,29.88290044077481,31.091350767512814,30.569310291157567,31.232588975120084,31.74366588641707,30.8263570807544,31.583800793614923,30.211916995522195,30.7690251043748,32.197677267563016,31.59233351814787,31.16449927994143,30.903094092008367,31.369419549271985,31.168159889798197,31.624245257946104,31.37595412547533,31.525386298887103,30.915845397684222,30.80768963498685,30.95177468213792,31.37324091232656,30.614611164662847,30.79407348704354,31.28444643009648,31.10762744638108,31.587508408542387,31.214654188778702,31.47606626125216,31.85897970964981,31.02376907331623,31.168538687295023,30.433116120301623,31.273726497372163,31.35647771033236,30.893045403070897,31.472841186501697,31.220600332046956,31.49327880595664,31.80355567862733,30.841772954895724,31.15004045368471,30.40347729905517,32.16924966359596,31.3791279155124,30.507067503930628
P32929,34.15051848838704,34.2192057953536,34.053886888522975,33.32350005982631,34.33621861891142,34.379446153875534,34.065861775307,33.72671452847873,34.43965827139789,34.2514305207544,34.03086805480808,33.63673079622711,34.21469486073148,34.163141461878446,34.23964119159296,33.70925406481246,34.358503112074914,34.12415470983276,34.31357312569067,33.4533362108654,34.312677558071,34.170136838692414,34.213485036824025,33.624771321862795,34.296398509296004,34.282351500918054,34.13349182832606,33.59170837905659,34.371395923143595,34.17210093095744,34.15997406365734,33.64502446368605,34.40614075212332,34.096030091938125,34.23550365020646,33.5378193242398,34.386328826251244,34.22444035816019,34.14401811702614,33.5672745756393,34.39276634043948,34.116411834694766,34.031340069094114,33.707403338406166,34.39126153067271,33.82188879563927,34.198852332595884,33.71724274871533,34.48516574621763,34.02043780795613,34.295669135962584,33.61803573130828,34.304834402929224,34.05088531195842,34.104633392522906,33.48675643752112,34.41609247914094,34.12290161137361,34.15969945038165,33.71524688687312,34.35047223560735,34.29334989952499,34.07060900706061,33.5895896065569,34.34111383048021,34.11292133527065,34.022856619197555,33.938411377585574,34.52010331230739,33.83430044235396,33.992488873185565,33.5471944446863
P36551,33.143436990199035,33.10571780707571,33.117890596633046,33.17063688604544,32.96000929212789,33.42070209798408,33.01060843878941,33.19772482468342,33.069481648198845,33.363371620130394,33.26095184310089,33.16564171628957,33.16484426413971,32.895786356191614,33.26941588463544,32.98237427672487,33.10749520100888,33.17513776448582,33.37492457275419,33.07066783584101,33.360800366404035,33.247573962359965,33.34685373663685,32.96090044244076,32.89912181046525,33.1921966959305,33.12462532707182,33.10958986817717,33.21758305228249,33.39488827123974,33.33462016815333,33.17867729771271,33.030496492678246,33.36034342733671,33.24322116284716,33.03905317559837,33.257352923374675,33.132820525592415,33.18565435273417,32.94532325910188,33.00010669123688,33.32953294407552,33.05500628805736,33.0884943860981,33.08947321151725,33.29905937327153,33.46028716567222,33.12756574488414,33.24004896176742,33.15193383348981,33.252457485291266,33.03916779918588,33.30749152743564,33.258562623578015,33.19364449232855,32.893114975115324,33.17686957564052,33.196927120833955,33.16243046588892,33.18426234882338,33.34740978177409,33.03119694849206,33.2068603980427,33.18828646104058,33.04380164036024,32.97398135512785,32.98920958849658,33.01057792284826,33.18561271337597,33.36836366320208,33.33367620958989,33.27127157485506
P38117,33.69042275005945,34.062616057011354,33.79556023398939,33.83514804543484,33.58378183947113,33.988271806242274,33.653299553049024,33.76271955332919,33.76441590741006,33.81345556063218,33.79578345155394,33.60040063282271,33.588297902896905,33.75952679257091,33.65023636758753,33.70935125009344,33.59998430099598,34.00014677419958,33.93136162820941,33.90776377896615,33.941293230054576,34.06159651994989,33.946041320495176,33.81643982489077,33.761334903832704,33.88729883090934,33.98964556674055,33.756876426578884,33.76313281110442,33.750303473420786,33.829886028883365,33.754271594206344,33.79676790730856,33.95343180364126,33.95504236744696,33.62869961595142,33.91683004448962,33.646672778290835,33.67611774923654,34.06193555904927,33.913261053276884,33.82184363043414,33.97817802389096,33.85710263099881,33.575452112747044,33.810109520080005,33.60160901691128,33.93553031432258,33.99650658651959,34.032947694611096,33.88844972669797,33.738552878995606,33.88532818492525,33.97691387612881,33.94363752179069,33.65459948670903,33.84661309882919,33.87535588071189,33.75792468017226,33.623979700639225,33.78398539774823,33.80379960765891,33.74062265885006,33.685773436983375,33.68738069122442,33.82632762750209,33.95042081653177,33.88469539601096,33.78555518065586,33.87491318934984,34.021808485386536,33.61674569867122
P41226,30.823678636204697,31.70839673014386,31.83183702441933,31.714875875712835,31.300837518497783,32.0899163018918,31.7621943898083,31.92558547993548,31.28885329101893,31.59188812584208,31.60054213302541,31.89278615675024,30.79808574371336,31.804211126142903,31.805521446944923,31.837482856200115,30.96286699895636,31.65006389146281,31.91552739227289,31.800333135083847,31.21142048263488,31.857243142423258,31.84616395093484,31.7305895446934,31.396707278147915,31.726520561275645,31.3828558776112,31.98692537185836,31.303623060443844,31.766964933830774,31.311178998341383,32.2045316135288,31.47430232194024,31.727103614435865,30.998292774686853,31.870208091770284,31.15079028960109,31.77190896741123,31.435492808716383,32.06973035586735,31.220286524659265,31.713184181013325,31.884453430881678,31.80953352359299,31.43988233067357,31.646772837626703,31.678657848112763,31.80438012893161,31.12484022908541,31.640385777404116,31.558736097641678,32.14112358654774,31.15737245426552,31.791050114936905,31.715524167965597,31.94515295318549,31.384058484316345,31.41954420045586,31.63369059876789,31.88372381307895,31.186289230261345,32.110005710468755,31.49977478392469,31.806480652114068,31.20958141146549,31.632499233410005,31.56292576249586,31.725134887689936,31.297348370124677,31.60579773032573,31.62256529143784,32.013958569091905
P42166,32.292043200885246,32.018510003715086,31.98724493535805,32.118306270446205,32.07655364609799,32.161127775625616,31.76887787801395,32.16341116825933,32.059435862726104,32.33227626261885,32.0849173640851,32.03553913426538,32.03440031859513,32.11651673742476,32.136621505383346,32.137128130349765,32.27385245307723,31.9635888113608,31.85142042785767,32.080589498318695,32.34386369732312,32.08065973553017,32.002936835654296,32.24849664901037,32.280585609297226,32.13154171292566,31.81804714230278,32.11008540153328,32.24712183599948,32.23151157319727,32.10266666175059,31.937028271136025,31.81623555301828,32.294827285920256,31.988579247820123,32.142564533327906,32.07012010308846,32.02874323013344,32.09276401687058,32.32434952712601,31.902033280966897,32.216049788949455,32.053219148331515,31.95159866504459,31.797882782834066,32.41052545009027,31.93035425439582,32.163230693102875,32.06343810161723,32.152537374652525,32.337549402389946,31.97041956141493,31.995246022887518,32.05012773551754,31.857443777000707,32.17615878019465,32.14539841281132,32.20662262889679,31.99821311620777,32.06671650364328,32.042088463489506,32.06017248510702,32.42341981843544,31.86762915092246,32.289640721339815,32.02441415143586,32.14779286902105,31.972116222946543,31.95831336451377,32.0128835180737,31.995812780850997,32.30709210056406
P46109,31.853080887717823,32.02889078761314,31.87606041256912,31.888937335041792,31.68275709683156,32.3751660371528,31.70595640700621,32.24540601170728,31.879832437584238,31.9574493882055,32.00370210947545,32.18041900180248,32.17192467560645,31.89509046962617,31.983105894550967,32.204468852986935,31.766674526888117,31.871545247849184,32.125448719586245,31.860940053844445,31.839310182614167,31.854923077233614,31.759873894888155,32.075196320404544,31.772330581990637,32.107994673905566,31.792699542517727,31.7549310395769,32.14324210815903,32.093225224484065,32.02074487512021,32.231267131559456,31.784567745323773,32.295859163389466,31.947032608778063,32.19707537523291,31.719891048845547,32.13560814199428,31.844694950975107,32.20229026320117,31.594060103284903,31.78512373980885,31.990586250362984,31.83472260244106,31.820805456925545,32.292171992140965,32.16286021492618,32.23174389526381,31.822281502192443,32.206214339341294,31.77482730781521,32.078637688961265,31.80908082154396,31.967961588162805,32.19207278382918,32.25943854322329,31.873376833802496,32.02223128989419,31.958170518186016,31.72430846558684,31.86991988818643,32.08169607336561,31.87404723011832,32.33825689757922,32.14146890531451,32.05236499228721,31.59735076160014,32.02645309665669,32.1476085090359,31.93701089482591,31.62916709800907,31.83817245050397
P48426,32.404680290409274,32.391143306086256,31.921421814515256,32.44411247979759,32.50906203463361,32.260517549511164,31.963501790166283,33.021376839761736,32.32537491268156,32.63300456583436,31.726374010369145,32.64347068429337,32.379949080574136,32.38419157051824,31.91347685105435,32.54285781945398,32.421480740664215,32.532138803520326,31.67892426399162,32.707729413765946,32.41428494354391,32.321246899694415,31.84464952088041,32.82924357475615,32.449288205221244,32.4448373877166,31.32414369050992,32.5736798658449,32.07016118526545,32.38549055894668,31.87259500789475,32.91693035455249,32.47117021012659,32.44410537019315,31.854228436323584,32.91272333150143,32.98409942066128,32.50958931040012,32.07041470382278,32.74884945790198,32.36935067235249,32.46317733665956,31.931860783645128,32.57277907180905,31.44180778626861,32.28915824121082,31.86383414406285,33.03326509824319,31.963640991332262,32.04356629995959,31.691161622358127,32.68460909354538,32.3600055879188,32.26590364956968,31.81870980542085,32.685476900888204,32.320369126571144,33.86569869076394,31.932165604520765,32.03109402258916,31.34403815704218,31.71566106642804,33.02476305197065,32.26702998678849,32.45247086797647,32.16881152893621,32.557096069287546,32.72489910555773,32.26408900386101,32.44088028415068,32.343407208875135,32.77808906535059
P49792,32.20191595367328,32.30036958321798,32.07296409304134,31.76835301072451,31.9105731857246,32.13156229523137,32.11881856933898,32.28024138874476,32.054175464854794,32.27798343698614,31.853955496024337,32.156061973783444,31.9723064623234,31.79739023587189,31.93633924267113,32.265639810022144,31.85689008692568,32.1195162624932,31.95488781821643,31.98631223282813,32.68643196200754,32.00097415041443,32.299695211283165,32.04271377814965,32.20432679157587,31.99297874321697,32.31547497572096,32.16197690445498,32.19299195677468,31.920445144506328,31.933002276978304,32.17391035353379,32.092191434835875,31.929409754228057,31.940512791317868,32.10691222241884,32.30969790348364,31.956510815484705,31.992937743577837,32.06704787271427,32.0093237565488,31.777848193071662,32.128116080111894,32.135216908013064,32.14796290613334,32.022102533693776,32.02940947511517,32.59907473163764,32.209270789509766,31.9129462583888,32.18812381199999,31.840383225010875,32.15178766984004,32.17892363109302,32.03800806769485,32.01345946592279,32.34743312424164,31.89786784804599,32.17288545479349,31.891701975414,31.964419047708493,31.77515967133249,31.691976177825865,32.182079948378096,31.939601139448023,32.2138162992102,32.251265217966605,31.986907210759195,32.03518763631184,32.14282311485639,32.66016297439064,32.50345349664068
P49961,31.37372707710027,31.86064393600214,31.557665471136875,31.427936745474344,31.92555780441786,31.314269939680944,32.023147085911475,31.664862367972013,31.64686798394755,31.74666449473329,31.409363935519888,31.646307419814,31.121792026986167,31.66085446398457,31.331900248008047,31.60662778355424,31.84243966870492,31.477409013908236,31.712764161970103,31.624111222651635,32.002529193900166,31.00506099853038,31.65362012221649,31.69210284556076,31.628239203849592,31.84442769127837,31.495647315240934,31.86064936321628,31.88429061947064,31.154191942689025,31.573508509464588,31.516219614609536,31.80980452252354,31.27775842988897,31.792427773854733,31.209900495011915,31.69926412716257,31.804473082427997,31.140421992731497,31.4414077905418,31.72501153903146,31.98502569606675,31.708845947550177,31.578084509229694,31.216454385721903,31.669353913592207,30.91782801366965,31.97675619837049,32.0876195597326,32.1712126902836,31.248705495376125,31.49630795423486,31.55794020650424,31.414817163507617,31.71194054147099,31.59278090233955,31.35454141987415,31.093002270870866,31.72992353374895,31.400570718331533,31.709056377154827,31.27345083368366,31.478434585715387,31.45310116485319,31.52719343183921,31.58949908138648,31.906674649624208,31.507836656601185,32.080072076305385,31.78644529801481,31.62393718050497,31.36885165809595
P53618,33.556885278317665,33.88109743566946,34.11015767860496,33.95089193185567,33.91314225952067,34.101114224255426,34.14806043255048,33.880246169080856,33.78142386352891,34.314845918233004,34.34510226725725,33.91561700723784,34.26630574707239,33.90102100415003,34.35775815694731,34.16598139456612,33.74335368312308,34.094410761108314,34.086070814726064,33.582137255524934,34.14917107520978,33.87592701659833,33.83571053772732,33.82255267211582,33.78478628255263,34.25335910281989,34.37259551067103,33.976630877967054,34.02564486336423,33.83780745733502,33.9849495643282,34.083168642256275,33.44401489456642,33.91636147512776,34.06851858488365,34.19884933115779,33.801208824487006,34.24269769259118,34.30939194849582,33.84513512583612,33.966391808224344,33.84757211846903,34.20993910977711,33.94656789007373,33.5722495908589,34.1900352072654,34.18669069262704,34.04616665263445,33.82732739768173,34.205146354034326,34.43256965342805,33.8510225417631,33.91524743163504,34.03158864970739,34.26076700508681,34.030902398320244,33.74786290604402,33.90330428919012,34.10697107014839,33.89871014439641,34.116550192289296,34.3545444673191,34.31957587987907,33.97790077617746,33.80409291560581,34.075550415345475,34.1468794453563,33.689893238261824,33.86052539455726,33.926566442750065,34.04647428037584,33.75761222786928
P54886,33.163679678254894,33.619230203503285,33.94659138983902,33.76370531727908,33.11996597052225,33.481865141224475,34.03554595244335,34.0997114249935,33.60035711242409,33.73558216260455,33.61513607939266,33.72693295515721,33.30167534244894,33.65538570813156,34.03012775695223,34.14182385922831,33.36122952501449,33.22872154518146,33.70125403455102,33.8569309684172,33.15342833882933,33.683609999001504,33.827069398336604,34.01279520856346,33.028443645527325,33.69648107404829,34.04710094593308,34.01664490138864,33.24315899527891,33.596612149073344,33.881480044623494,33.843706424106955,33.1182462278192,33.69328890158718,33.87596721703994,33.91002222865587,33.14476232861278,33.68788626017933,33.80859944167052,33.85971091908317,33.177678537740654,33.686351668968406,33.89667057250736,33.93484107673603,33.03829170815779,33.7223565296318,33.92959733892234,34.11622189190918,33.087167165084246,33.651729139263075,33.81424278388446,34.072169896783855,33.40579789871084,33.72679963937415,33.83649241197453,33.97477171469919,32.933995048759954,33.633166824945725,33.79049586103227,33.91457563205083,33.07835923005328,33.583260864878696,33.63500542431044,33.68676383281409,33.29975781139799,33.64342516702105,34.01030323804419,33.843272184506425,33.31512619830864,33.626525723529944,34.12058696043547,34.108642541525604
P62269,34.60639258600592,34.33625004156882,34.63324875959908,34.48291717419386,34.324328192202245,34.58500389278557,34.80440946450975,34.24297553573419,34.38755081433625,34.848317199275435,34.6759923014926,34.53893600511624,34.324248090072885,34.43508077996957,34.452067737095746,34.813167315024735,34.30173526187353,34.78783830649814,34.54699216667768,34.44194034531463,34.48104607204238,34.40601254942148,34.61541855969318,34.74418929943915,33.86279568373329,34.34392628592306,34.858013460921725,34.8694990484315,34.28289499441073,34.62601241550006,34.20995294232055,34.837434957978054,34.334941844233576,34.0801605827068,34.56465228477465,34.23717280373158,34.05137579663336,34.893149287758945,34.71408496389963,34.42635412418132,34.47158236713328,34.68120668602949,34.53700589556517,34.68191278000098,34.41653137710118,34.71974236894924,34.6037189087211,34.375309937914096,34.31742322871716,34.427449522322185,34.400361252302005,34.56509284207667,34.30325316811616,34.701881708651925,34.74859315310011,34.66974001033488,34.33179893089196,34.626852949659714,34.67060064696751,34.62987548568217,34.832518117302804,34.64821007581941,34.454211956836275,34.28138866883492,34.09183095073981,34.34787838680598,34.59881156196622,34.47072665237044,34.62694192143754,34.60234000503192,34.973469869717206,34.72278470060379
P62851,34.58344094693716,35.03916995092866,34.94117544432273,35.024059988083245,34.985825127863585,35.15922317444636,35.159997700542384,35.01992499158072,35.07292807098378,35.225990390992635,35.21475209493809,34.96280537156823,34.98801614152478,35.14663614094277,35.21483926514618,35.16873640501483,34.999372293660414,35.013467653876724,34.826124788497296,34.699902333507225,34.96079640868453,35.1496462773921,35.048685799369935,35.1466971616198,34.840438883046545,35.15326520049788,35.183349826022486,34.97280439515069,35.00622539195556,34.92324179214948,34.92414818035948,34.902524960503925,34.95941409844154,35.16739404043684,35.242585628930016,34.884330053115605,34.94666682174921,34.96249514231877,35.00953888221511,34.90826870876935,34.69502735241082,35.00790242340263,34.97959416159672,34.9824017821009,35.15590471199004,35.15612706944212,34.7886264251033,35.16193347410703,35.03901660358133,35.159422930111305,35.181072264575334,34.904558469617875,34.87044840487122,35.11402786046168,35.187575863056004,35.113517822644695,34.85991993093075,35.073535059910206,35.04423234055323,34.785822582852134,34.63011853702954,35.020164656526426,35.011245294662544,35.026821085923984,35.080582236209246,34.93172646765042,35.17943936087731,34.7315301430358,35.05528169425154,35.14689524055911,35.042728824722104,34.9036168542009
P78527,36.8021021824657,36.66301742991936,36.5006164509403,36.46872375038073,36.74861724888775,36.59253520503213,36.55638809156193,36.4565791567073,36.80461611626181,36.60479319218483,36.597578984022704,36.45758139296443,36.72143815269906,36.62076011437232,36.60604939479205,36.58731652968304,36.84644844833877,36.57905499050142,36.56435997395847,36.47072967399282,36.86525975523607,36.61248213445636,36.63730617797635,36.43744140021648,36.88064889013593,36.538452164727296,36.5472226750982,36.605441869848605,36.781832519073454,36.61641257060315,36.53595591465688,36.538384541008,36.79739127141221,36.57822864136978,36.57039388530858,36.55043676807932,36.7994530503137,36.63472498229296,36.56987564989779,36.52255219528691,36.83590540723461,36.62758115199007,36.49482753032116,36.49827198642522,36.84780374417194,36.52193251470084,36.5390782934504,36.59012635582653,36.85289228134484,36.58081276652744,36.59662856658594,36.46186123422979,36.92088289976033,36.60997445916506,36.597062209666746,36.46407229044378,36.74456290164819,36.61237766899333,36.62852277207573,36.48663988735231,36.75774889924813,36.57517677459021,36.4973257887215,36.46118608882711,36.844529761683134,36.64042145596088,36.560885828561226,36.47552069197698,36.86698025530263,36.51929910225564,36.6093447599417,36.522934151477415
P80723,33.78305322110166,34.265143600786615,35.530414055424664,33.45524614228361,33.95051198136075,34.91768153565988,35.15154125596738,33.286951928906994,34.036439246918064,34.95023957888804,35.106515130587326,33.479809155756875,33.95796768356728,34.81113861412668,35.238562298219364,33.42421248574073,34.124032021091466,34.7072094180945,35.13452770668241,33.537637766644856,33.95515559504164,34.48655950053158,35.15317904679057,33.012673779762494,34.094775366363656,34.93544259960752,35.13195370425336,33.47630777946225,33.67195728221648,35.03045090625088,34.49683299543182,33.39897684515044,34.03801715579095,34.60272252221727,35.36064808001498,33.42781110349827,33.62312598295178,34.826778595907754,35.16188611390897,33.3730156431825,34.27586571011057,34.649852292471365,35.03177461901947,33.60543841521427,33.98412236021748,34.82293918914578,35.23291251686849,33.59597084860256,33.945864865207554,34.7340837898528,35.170549105863046,33.3264090411245,33.89022601829468,34.778470830898726,35.13600497386004,33.244719970774696,34.11933860404212,34.829862788217,35.23178442538188,33.433110813046696,34.20833855791708,34.47888744931452,35.338352477778926,33.6674959093512,33.832601550267,34.759935334118566,35.37060619739173,33.36733960084664,34.02471560542372,34.51851420374551,35.07168286730025,33.237976159715046
Q08211,33.37070679130429,33.35226728708658,33.288062937877434,32.64157024154566,32.996324715184755,33.103879538690435,33.15426209835325,32.852513036043824,32.82121253654056,33.122109104831985,32.90640887629351,32.82945865810808,33.1293203042014,33.32880866255276,33.07581893849503,33.183857876133345,33.20046721249253,33.23779217457742,33.07821359870825,33.0179547027744,33.2056966482354,32.92371975213035,32.96184490247773,32.41821546880511,33.219664365711296,32.83220739762523,33.05129207924376,33.20877080960161,33.23531276516252,33.146610725091065,32.35312327553947,33.17672017398302,33.10176509177151,33.029384474566626,33.14221361717446,33.15606462651179,33.066916427981724,33.31608352362031,33.35115587600559,33.19703568760236,32.72446655343587,33.2315607012702,32.89230341300939,33.251005455662835,33.02594951950092,33.09022782543396,32.57901967952255,32.844243283021264,32.9999142009442,33.108939490482484,32.673795404335486,32.91916655640792,33.11749379240221,33.09443671293774,32.96222670730747,32.99879059196037,33.410140495757844,33.045638818410936,32.979573312763186,33.20440463367445,33.117884672873075,33.1988300406894,33.14236538566485,32.824309068904064,32.76528326481061,33.17865273812052,32.70033761990435,33.22236807107697,33.14301736528593,33.15114136739249,32.88044386543737,32.79375210588249
Q08J23,33.24819123754642,32.87384159961032,33.02662081614386,32.9237518643858,33.347512487096274,33.186998228065,33.24922174962316,33.19662589058727,33.31329412113534,33.29937720477734,33.011566782216946,32.65875238996267,33.22195365625079,32.76714140723983,33.300917296897495,32.94343161713905,33.20112380263975,32.995377478774934,33.09856355941173,32.95755617122759,33.37254749800429,32.94577174289899,33.27268166130358,32.93832581545424,33.341408041754434,33.05768835434067,33.19448461059449,32.9162716473397,33.39598293394084,32.942153850025306,33.05818644691852,32.87246146901487,33.39840759876423,32.9957812877835,33.25237918361788,32.86256165727065,33.0966144292557,32.72316575527059,33.18693330724919,33.10590240842221,33.25500843862869,32.94496357884715,33.22091591126154,32.91143029720954,33.50291857139744,33.10539723367375,32.80317455398413,33.279255311588074,33.363460870041585,32.771356707772384,32.96075054767058,32.89243577707163,33.26055845372842,33.23478300775443,33.09659977657306,32.8050319637332,33.46197881431568,32.97847621140467,33.21391432305146,33.09720195924921,33.41962604863375,33.15887283423935,33.33842385563454,32.846325420414054,33.39035188080369,33.242430960027164,33.11464795736048,32.8434641009591,32.97105236444736,32.94783567069419,33.01910772930312,33.124845917880336
Q13151,34.36811346033905,34.389291804559626,34.39517861684971,34.464159036993486,34.788620515478335,34.60550245274595,34.701984725968444,34.7019238958003,34.666474369432365,34.38798737204636,34.681900653355974,34.766551630675536,34.61473368404633,34.511539564023245,34.56616137101801,34.710002871624724,34.627410590619746,34.44942492313471,34.43596046767466,34.661760251289245,34.604822141346105,34.37045909369378,34.4409965879221,34.789394489280426,34.581755799543,34.51771544449275,34.48300638325261,34.6727282311619,34.44487334376069,34.714060814905984,34.799036659359686,34.787616893282056,34.54479875201099,34.71063069533467,34.441196480190065,34.57903967509573,34.55181818067024,34.517387910412715,34.90764262798583,34.65981916237886,34.78686451960117,34.65206381320428,34.63603675850357,34.449292737428586,34.538003850498946,34.206356793590174,34.694536048882554,34.711647987087424,34.42496939003488,34.416376702759464,34.31268070062882,34.8439990022516,34.82134569188141,34.58861127517878,34.710058509588904,34.44960090730033,34.8126285239456,34.61670156059384,34.56525650918743,34.567064280179025,34.60448486955486,34.46612673749616,34.47503338020949,34.618963910843775,34.791516654690945,34.58741067117903,34.513165394975005,34.78647156443277,34.482355756925905,34.51708170842747,34.41501482308622,34.795572576229105
Q13442,32.581813021679565,32.51167612432769,33.11874314065937,32.727323036471,32.53251945182252,32.988434130167605,32.59786218760705,32.53974154084472,32.597997991359115,32.66191947949878,32.51968297594213,32.62979471366471,32.31771227892397,32.66072255145022,32.795327166798394,32.76067335291579,32.339567735194095,32.80569098559483,32.74690339344378,32.63552083453059,32.528562488421315,32.79092214603334,32.60859879337924,32.70310657376931,32.47912681776916,32.93366803825499,32.65679666240726,32.5805414579415,32.44414882475242,32.64560343905696,32.70695926263373,32.54853485209657,32.23458137184621,32.943059834904275,32.64829067120384,32.67463967494341,32.71946631564103,32.56800372545658,32.92985539209268,32.826967198196314,32.49053338085612,32.776212398583965,32.77606374728389,32.44925336500395,32.541572481754194,32.44401229851284,32.42609219126538,32.349068475164295,32.41337601953793,32.35783076861186,32.98728378055283,32.5938779075232,32.51736405336862,32.7500717074353,32.79924730479944,32.5428710934034,32.407382199573334,32.78974234897914,32.72812097233466,32.81002265023811,32.355450715446125,32.45617627204612,32.51963673622257,32.779591107418256,32.46843955541712,32.80272177480965,32.744096645549185,33.16594550319172,32.69532429050601,32.59764455030066,32.410590921833595,32.70275834925842
Q15075,32.79300392057428,33.22032467208275,33.19460116231165,33.22796750563683,32.621805075611384,33.273432995742546,33.326701305574986,32.91312602619219,32.857587664452566,33.91938188486429,33.163497552639136,33.03665762304777,32.931287992157046,33.05317350908229,33.10576565408244,33.24943006777452,33.38196874922736,33.4696879577663,33.25036457271782,33.12857825648846,32.64576717112638,32.846612624728024,33.26445666093358,32.7126516295204,32.664376452446454,33.395274878374906,33.41110471458009,33.28176671764195,33.17738017494542,33.01597028078748,32.85819589854891,33.10234841872727,32.890589568625664,33.42709123095936,32.82039319075997,33.09201413933188,32.95454004338906,33.83017585140371,32.98632837950228,33.03149480419296,32.71603166084392,33.19839237744695,33.088569351716764,33.18698047698157,32.86088400802535,33.30659571546948,33.18751382712806,33.18524483811772,32.911346532239584,33.49710535077161,33.21599372116811,33.29405240527814,32.90001529737076,33.31388101590818,33.290626264956,33.18932455496323,32.67513310646032,33.194852379743054,32.58145175349553,33.185075586025185,33.015108963632656,33.35936023014077,33.25596513938705,33.47366648020651,32.42919744540048,33.135686073379475,32.626748688311906,33.464056012139146,33.166989659188886,33.12643069494848,33.29020042910531,33.12743426901628
Q15306,33.13160624744953,33.3460717442601,33.040586322560735,32.97957040322756,33.27930196576602,33.09920255054706,32.84236674936735,32.61601913791992,33.3110451224228,33.2708116091787,32.85433007936687,32.74712126342351,33.16612165223941,33.33138583558085,32.90588762081791,32.80698630387917,33.28606777991527,33.32800050061199,32.8968706964563,32.67085069387401,33.25200707897709,33.31307221426774,32.877099162594604,32.808327915655696,33.35906603351456,32.95336982793998,32.7554214343844,32.85010661170356,33.09157445846548,33.54372343998502,33.00858889269128,32.80949543121499,33.03518623838912,33.269339602778054,32.73162493124128,32.80356304879272,33.300140468984665,33.158397779736624,32.86573738265665,32.66540447462787,33.17576626002713,33.27010149531745,33.02148954757635,32.5307059505622,33.144437507194695,33.22600021849156,32.66495713885724,32.85665515572758,33.25126018423627,33.256460926459425,32.763188085250896,32.72163545782905,33.280781200983675,33.356455596376776,32.92398474256217,32.60686153650141,33.16555721494339,33.205526378527615,32.811509214407764,32.719254177401744,33.30366723208517,33.44340847901208,32.57583833766398,32.582378697206586,33.14368245271916,33.39935825642707,32.96731577672201,33.05336166775079,33.16801455744804,32.77853769532493,32.759802719337294,33.001502229404174
Q15717,33.33144276944455,33.551895843735764,33.12613156116518,33.38969308931289,33.62002954768575,33.35309325876084,33.104557989729315,33.635240793514896,33.633422917710824,33.33363099408529,32.98664316278878,33.18522562153008,33.3927035486031,33.427181681969145,33.343077201618186,33.46294976904231,33.53499027603566,33.201369259460726,33.31110527929981,33.49455524675744,33.46191405765762,33.30030530458186,33.14365728573846,33.48065145376317,33.49707688421935,33.212404908781885,33.05670062654501,33.47693979105936,33.575119941371945,33.56492969010304,33.52472869818742,33.53051731363397,32.86454106316518,33.58557161607375,32.92992558080542,33.279919121113856,33.43024060244669,33.57843679084613,32.99226601739073,33.31542826761056,33.31053021392634,33.385742928194546,32.95174776212158,33.35035123967879,33.43371735434282,33.433551650987624,33.10170552349723,33.7285827605042,33.61654193869731,33.204957694922044,33.26865590805849,33.5250004949177,33.510194255968,33.3239794161827,33.2378187820276,33.581504356490235,32.97241031242167,33.2965931475111,33.26102238193487,33.599513343902046,33.35514099281918,33.32708151814075,33.37365557530737,33.14126029285312,33.29823554408692,33.22462395745427,33.43986230375236,33.383209081896965,33.37364203004588,33.70682083588696,33.10026946149682,33.47443141674363
Q52LJ0,32.73419206288152,32.64203238350697,33.03550430575626,31.164074995495906,32.425816790832215,32.697467457647754,32.87737992443122,32.90077961367323,32.8297349307999,32.676559541215305,32.71983073523149,32.85235944126115,32.462758656125786,32.697589109817145,32.79449591332608,32.35940561150752,32.562432057210856,32.443263579308564,32.799703310880695,32.62742736791159,32.744139676895344,32.259060029378354,32.8711738821664,32.39156717530568,32.55202767372218,32.83781448655957,32.082782296888446,32.92395353209076,32.474076941960234,32.76227149507548,32.939691694600455,32.74627275496378,32.63579119921366,31.86707751524283,32.71302965911396,32.41044446329351,32.15481884849811,33.215662420778834,32.225487222263574,32.502335123680474,33.47232719557637,32.41653908164342,32.50156176034768,32.31959426264071,32.705261348437475,32.07819690346653,32.18105438367445,32.3115273038252,32.70406521958013,32.182359129933445,31.77367789421801,32.48783262022512,32.73485903126532,32.34762675085666,32.880372545106944,32.501617827565305,32.67038646722481,32.7141163895514,32.5646562558717,32.527654832500424,32.839143598918824,32.079964922419514,32.89399786706044,32.88556096166489,31.9275607298058,32.85807469828978,32.24754693390509,33.00496811437681,32.23732012323656,32.15007372494261,32.592596067596894,33.211327699783446
Q5T4S7,31.841332064149626,31.836414838989164,31.7593384508053,31.56181469948799,31.866022274605477,31.579086313995205,31.71732463080369,31.563043327458665,31.633790428378703,31.967489768180855,32.08106082473083,31.829005543280235,31.354878765692497,31.85811808879861,31.99030252753659,31.67962566698507,31.67008486417707,31.70040318474195,32.08304421122285,31.845267077918912,31.41250190774124,31.792617066316883,31.849063050184032,31.85160250155081,31.595371913612503,32.04371713609832,31.828035494431035,31.561212541865764,31.634348802938977,31.974966859710506,31.759336427693608,31.784553425155668,31.50066612506121,31.99773059641163,31.810964403252854,31.73050602527816,31.66357169339432,32.02595578022266,31.76346575812419,31.35076920072232,31.74209729733954,31.7921879386006,31.593284444524723,32.069876345482825,31.90029647915003,31.888546882853763,31.769332378601504,31.64758932452869,31.92246848767351,31.76780177656112,31.96660203876265,31.724252611268668,31.76144861635813,31.773226418336623,31.5727063492758,31.588154347595644,31.798414102563083,31.92220035509581,32.031150545301585,31.418622397626287,31.74835137758856,32.13133231876566,31.349025072374776,31.762907417007884,31.70781964281316,31.72968123918043,31.72898368210062,31.59533541797014,32.058832546878655,31.828728243825537,31.665777301579617,32.004501155155005
Q86UX7,33.80416128935232,33.64175543576043,33.10518944761067,33.70906181753189,33.77364297910405,33.64007460686505,33.504957873017304,33.919538115221656,33.52199858081459,33.6960254629563,33.41094510425164,33.56591494363198,33.696262953126606,33.788760230706906,33.364477560726534,33.85217849884989,33.90669640298865,33.71818947299391,33.308629527829666,33.71794139428715,33.6781349089763,33.09735932348556,33.05568365197277,33.763396478610154,33.57701446708987,33.63936165003452,33.71841868377848,33.83967802664693,33.54025033309932,33.570171995663074,33.1748346852156,33.71739473795444,34.04199005659405,33.75619292257028,33.11375203525341,33.64081804225673,33.61546501183,33.578129929958145,33.78709550878777,34.19077150927367,33.90430551099876,33.743103331675066,33.44657199918934,33.55287984368735,33.36633670019119,33.547192046901884,32.96603186699262,33.86830939774484,33.75960929364879,33.54855140062176,33.20121118825046,33.77563961459909,33.5409707511299,33.62754222372217,33.4512877901984,34.08179763069381,33.90426186393315,33.63363119997946,33.281490036842875,33.58738609775569,33.312429440209016,33.475378450564385,33.5744942516129,33.603949397133675,33.08488229172374,33.94764830019826,33.8136627358386,33.95247473994123,33.80467421006032,33.05966675442103,33.50289559925309,33.94008571592616
Q86W42,31.869897625165304,31.96176874570809,31.451735595764816,32.489163569864964,32.11055102277466,32.31260001328982,32.08592004053486,32.176817073724905,32.139384986339486,32.281598969838434,31.967489021553718,31.81966725520203,32.030493534277376,32.18259208499171,32.09738532919424,32.093350768369994,32.325520023953736,32.28071739619088,31.80070792127269,32.19351319438384,31.662275785800137,32.09995034442434,31.729156896707067,32.205494682441326,32.29416999629768,31.751512601702007,31.86868444606992,31.947868828188067,32.27700863892319,32.22021709092343,31.8293713891846,32.254170816172284,32.33569400314902,32.29435466527196,31.8591802423322,31.759427110272696,32.43403889276206,32.006837577515206,31.760785726524624,32.0989355110239,32.40626258940044,32.052419406407644,31.7547369776676,32.14132539185333,32.04686565560943,32.2428014590319,32.20770420526115,31.709120797508053,32.22979878716048,32.132740041621176,32.02239086542669,32.24814897601932,31.975849403711077,31.99427048423124,32.14427004373135,32.28096797516867,32.18479244110712,31.956891358401904,31.287617151402767,32.24932933475748,32.28268072664485,31.98934565424198,31.61526560181663,32.23293722963578,32.2758191574668,32.151549619316086,32.217658152164645,32.26759887210076,32.28366651905037,32.1349939346014,31.67520924506902,31.891571314911936
Q8N1G4,32.27554823929151,32.894828674843744,32.55629410285418,32.470960052986165,32.55767775820132,32.724896677530474,32.85312888401184,32.62863548603785,32.91218854056835,32.6437970111809,32.57940013966776,32.86146253129097,32.56095260449918,32.46550429004316,32.83293485052926,32.776007600720526,32.58579068476308,32.56981664960486,32.66941790389487,32.73481716805247,32.66071561526401,32.80616438452768,32.90070461429132,32.67014981311552,32.527990004745725,32.62591229159689,32.81763318068127,32.61079152559562,32.4276865712269,32.596308562136194,32.899115081353315,32.744091298437034,32.630167294749576,32.617564961853816,32.90039026716812,32.83561146800172,32.55742549653362,32.51548961958628,32.84924636408649,32.7623327630057,32.35913017370018,32.74032095647033,32.75490360588997,32.51612300283601,32.676435847860844,32.841818526303406,33.03965476077657,32.61204986852534,32.631846531794615,32.857872133860816,33.06200768026878,32.33730536287791,32.64806471221458,32.459331111210254,32.80546302806238,32.53036286557878,32.68013684831304,32.74585050666267,32.93091695688718,32.44479337698019,33.03602273483792,32.780358189538745,32.47556766929348,32.769791834565375,32.66036049618851,32.80382487360798,32.933525491640566,32.61437946738082,32.41637815078721,32.53912183072971,32.907823008949904,32.430016856808855
Q8TCS8,32.989199996916845,32.80532039715151,32.70757049998715,32.561810853771206,32.900763642430185,32.93221356408736,33.03794779802201,33.02147880923649,32.85054106978446,32.91606640791433,33.07516361793353,32.543384726509245,32.82889974823524,32.81242486620522,33.071457831986216,33.05460993190148,32.98222840723669,32.85487405579001,32.930052645645496,32.45534152398499,32.80479389612283,33.000062722166724,32.792062074815526,32.84598384337905,32.937587714783284,32.86933015331816,33.06685798468942,32.62922210166195,32.92785976010129,33.02511545859978,32.97103619621898,32.69704507802484,32.732767215076656,32.931315624925254,32.91533553936757,32.97853713105164,32.77382397143524,32.84115538394498,33.08861022033092,32.69293244507747,32.937908487253786,32.94403994607183,33.10698869593889,32.840980732673735,32.757627992221856,32.90147883084105,33.041715141184724,32.44088956690973,32.847584439580466,33.003994413117034,32.902359772564246,32.7869153558442,32.995360331243795,32.69734532810219,33.097312763033415,32.84068816250104,32.7492757039688,32.8610529984732,33.02276739607682,32.80517021662284,32.8863174706064,32.604599787443426,32.984407019354705,32.6896224105259,32.85800147070148,32.86141569295859,33.11823408477685,32.79724826403194,32.91290756129258,32.74082237761688,33.00657168480968,32.74545191900652
Q8TEM1,33.12391218537774,33.32303082664449,32.87735930595828,32.39374554200129,33.32193538781566,33.31960570619878,33.16805071412335,32.61810950671386,33.515715273733015,33.220936607646145,33.17778010091383,33.01215569665419,33.52441574595771,33.17783260796286,33.03468606842587,32.73525632485739,33.500670196565125,33.076059057996495,33.12739099950212,32.5606415287009,33.56833058313814,33.04140681955018,33.03889538282731,32.59711539752587,33.46266671166737,33.00534797386929,33.2177361595761,32.54063816619146,33.29055681569774,33.203708686121765,33.143433171869646,32.66548054305884,33.42606526227931,33.163053509486595,33.11059619277289,32.552143375334026,33.42464778192414,33.10974592566088,33.240423256349786,32.33220037758384,33.17367964657919,33.18766167275377,33.35146965642354,32.50068952333892,33.16462063421541,33.06799372762668,32.98865966407786,33.296252229983736,33.52984420832922,32.92194455961087,33.06750297280097,32.646646462046675,33.46317583845529,32.887256319976004,33.21382579876996,32.62319559781708,33.49811126178079,33.03136685529017,33.27698101441992,32.6705656450369,33.389125287276194,33.06047491639413,33.13170619607,32.715165578908355,33.51204476850485,32.826466469015365,33.05683125876869,33.11702563245421,33.18322712479445,32.92536854424759,33.408368945287364,32.65074335628536
Q8WW12,32.16255944537447,31.847946377920373,31.86164943809052,32.41492124503158,32.02022392773389,32.454681089804694,31.88278698740392,32.25544706467683,31.77424113090525,32.17690282620339,32.200941182640456,32.403480315304705,32.585715498704744,32.086305876770744,31.80929931970393,32.087223674368666,32.43979782812076,32.20382221272305,31.931496891599465,32.6470722525997,31.794625669779627,32.00633877548373,31.794751248608826,32.27996012693044,31.92699607940981,32.34678535323161,32.034345215548925,32.28286224127717,32.26450300961864,32.38569169181485,31.65941351787705,32.123201236026304,31.906433018897477,32.3938428230034,31.721021570333257,32.32061780763344,32.05956001003894,31.778043986191115,32.100191834817174,31.75915549424568,32.33566271195302,31.59412549442914,32.04096622626673,32.27616951569605,32.33751982302782,32.41964511635206,32.198168367487426,32.30543111198875,32.14884340017445,32.143251670494074,31.935320222799994,32.2598528070503,32.48768495085964,31.920099210665512,32.05412190576676,32.327430859569354,31.642799743283632,32.14017319022103,32.129347474499255,32.28082601173494,32.16406891392581,31.97617454822204,31.77212977382101,32.15863458157086,32.19903560277157,32.33654173145364,32.51088492139809,31.98196614935636,32.23990156743968,32.142795369807175,32.268970584803824,31.547207476091543
Q96AG4,32.175446476737086,32.647269596024806,32.69504508355698,32.22492003645813,32.22835286168139,32.69824101771758,32.80115820656176,32.00826355714779,32.33614330711278,32.40339256969779,32.62488727145639,32.04649560579834,32.33450347309899,32.34060892015866,32.726575834495755,32.134999827868064,32.49239953979415,32.501183103138416,32.66720295557604,31.994659586145755,32.404049603790774,32.60114327177718,32.8210403298462,31.98035137059601,32.41450216680739,32.49349787975706,32.6580383511392,31.917408606834226,32.38330558364866,32.76460123259061,32.72968065648452,31.992664862772152,32.29588494145056,32.57771481890255,32.62190247807648,32.333233620317856,32.24744720834701,32.46687540327805,32.63228084886449,32.169912840840844,32.12772764262946,32.797537768932045,32.67496766715026,31.984504015034688,32.393475808658366,32.65116006600087,32.80980599886831,32.19160923134529,32.36219803712484,32.3760729095882,32.787217358578864,32.09667043651771,32.29622396392818,32.58085245402213,32.81864957092456,32.15352589182803,32.35279675217661,32.52327023667822,32.537200490929386,32.16779507858832,32.38639387371844,32.65443623820106,32.637239482114644,32.02513809306252,32.464842112585366,32.60924458422161,32.66688241371308,32.05391433706418,32.325652080965845,32.46917709736612,32.555368995616455,32.06638750055855
Q96HS1,31.30418785229642,31.0344074617052,30.965016588076697,31.18440932277484,30.85318451642894,31.56378859359993,30.99520456712462,31.13627165798753,31.070833203687705,31.425052154854463,30.759265565136744,31.053795549249248,30.58513815246277,31.25998792452812,30.973486748455773,31.396052913227905,31.22588144042141,31.39600243763156,30.83214501945526,31.352379763519277,31.048997107531683,31.313709287881576,30.976243070102328,31.24944934759229,31.46566441646844,31.15630875776058,30.876925497136494,30.981616529876472,31.601571714534938,31.389734310837135,31.06641030909214,30.945088425501343,31.186992251512624,31.28266342675265,30.5066601015624,31.10058514341664,31.09718830238537,31.43712447130704,31.39350996629324,31.20049989134945,30.926979733473665,31.602672718729004,30.95484037328111,31.071630534990916,30.652625176691878,31.27613391588956,30.777490932419934,30.918839623280597,30.96182288342881,30.42045143210541,30.824309815620488,30.950125348840803,31.4650506198966,31.59157294844892,31.288162106359277,31.38702363474283,31.78618125330867,31.04966842284701,30.77276995328926,30.619777178839936,30.92688115232044,31.208913941129296,30.478017935189776,31.098424548678576,31.23163227791541,31.32826079309872,30.873698246124,31.90515627995469,31.193909629790014,31.386616289272848,31.062788184879132,30.53646699462019
Q96NY7,32.984883182871314,31.70554913453497,32.48820468650882,31.8795677048918,32.44448573300008,31.097441661583492,31.97610250396369,32.040406609956136,32.77914145425715,32.148153169875776,31.96362960524063,31.707121944768083,32.89332484114167,31.313323409572,32.22137209251954,31.676873520535995,32.78404840663692,31.51212846439619,32.02546071542788,31.904435087058456,32.90822593531998,31.394782691966075,31.97395912322117,31.81749902787001,32.24630376988472,31.657568793847577,32.35933840339803,31.984879160816405,32.97416103792048,31.56750111920441,31.43423039971817,32.02169163451531,32.90127358477704,31.148862813285383,32.29991689015197,32.0529135275771,33.0398235546148,31.832710382427862,32.18132166341602,31.845355700278382,32.79417454963848,31.733405399402987,32.004759878402844,31.68321434806685,32.7386089071317,31.54283662274078,31.82486743587282,31.857755014161857,32.840829001346286,31.50905567544888,32.16577676392047,31.80234295354482,32.81021561988611,31.38822013059411,32.15572569954715,31.974003647438465,32.90243663240765,31.254995980561496,32.21926395089309,31.809696975899804,32.71290035643472,32.26098296587932,31.920811502238934,32.039003363679846,32.88391156104904,31.2733034758504,32.443780271450585,32.022604390985485,32.66959003285261,30.955049497761628,32.187343274116444,31.76046139553957
Q9BZQ8,31.894436627054752,32.84281725922332,32.07635567746652,31.65296998315989,31.7215933330005,32.7036809606049,32.45805610994431,31.66760170005121,31.73647458733869,32.716546356608504,32.43388653926603,31.73036158015452,31.810999716847785,32.74011359849322,32.54639191588869,31.81790932246032,31.85899184491548,32.63743534870429,32.4080511616726,31.28326198002547,31.79154210270449,32.339474506613826,32.23126995458026,31.608643440987347,31.56143769814063,32.666455437855205,32.41023062536476,31.70032371544299,31.79841572355969,32.589676963086575,32.29130463405311,31.72424815664675,32.01113897605104,32.62367056402773,32.356278403789965,31.45861727127765,31.763084789687788,32.51884620687714,32.42703201989954,31.64080087694543,31.76950051606969,32.67597685461787,32.56147171062066,31.57920051593649,31.63248696353099,32.567273035044465,32.41771732946059,31.90808682337054,31.77075529025726,32.5724483163855,32.24691337078788,31.49246936703779,31.442409832209897,32.56171399715256,32.489917068361706,31.822296794352745,31.69243846851306,32.836414567871635,32.41473545884691,31.87351901346294,32.04132097871456,32.41890176210238,32.11169393376386,31.40861853117561,31.92812941052281,32.56580840877412,32.58678391269788,31.66879358790511,31.873039689193167,32.68168349807388,32.31963535116951,31.69660847421456
Q9NUJ1,32.201138216803784,33.116045319529015,32.71375105185544,32.016308708088346,32.03628526306861,32.535235825841504,33.15070781497686,32.58045112984904,32.237260613575245,32.64736395064402,32.35956582849345,31.874073904192866,32.80893596387223,32.78878062733776,32.7267035056585,32.20839970344412,32.21576671661175,32.83213765835794,32.6725220081654,31.781176154906536,32.384010477669534,32.79838039608032,32.47172351360454,31.843642156219424,32.51353937089666,32.44833787742814,32.150546826258505,32.69642549424554,32.0406141968062,32.52634456096922,32.86329530593077,32.7355490928386,31.876092460608856,32.62779436313191,32.54171225360251,32.75786145977398,31.50531292269368,32.586115304241616,32.30955482221097,32.336422320793936,32.80236512582504,32.76726105317314,32.42475914720933,32.124613409599704,32.51670482561146,32.915835600340145,32.800826402137155,32.28845251161511,32.0157838374709,32.905054959803984,32.59544520346643,32.15293279863829,32.31999339828644,32.58929232978304,32.50947267704018,32.09855109871545,32.386182190193814,32.59363478968666,32.891442636078615,31.953750340985916,31.85971453131435,32.65697324295613,32.69340130948378,32.38995747198287,32.04700558803344,32.62641370134118,32.79248635699251,32.594259196455546,32.81892920729519,32.72599846437904,32.15185356210725,32.68071617365048
Q9NY12,32.15423327571753,32.55525790615934,32.45974682630689,32.06192725756512,32.61242805534289,32.06801280338503,31.7909984001388,31.807868247754158,32.20200052311667,32.254435945579736,32.51039682867878,31.85231017679116,32.43317222192275,32.22891770965611,32.25256106839351,32.08680276660077,32.589159950759026,32.0044189349502,32.23868550480382,32.06474787788156,32.57661304030322,31.895604056133905,32.086711253729405,32.06790065914239,32.543748673262954,32.09303078372527,32.18155105310035,31.88086519357382,32.626666833723824,31.932204970965884,32.181721333837324,32.00121580580833,32.59630534443805,32.09820460654425,32.2079056790806,32.0965160904913,32.45571441198492,31.889328409534325,32.28432981845605,32.2011209475272,32.19187830125535,32.26267346073765,32.34707802889948,32.098410068392354,32.461375732898865,31.98878747110479,32.5478259763584,31.46686671131983,32.59170960234693,32.15505224530219,32.339616939446024,32.08449389965618,32.60273369892588,32.0959899652201,32.25162739255928,32.102195447980336,32.522905116742926,32.13092706850265,31.579197975386563,31.821798402599523,32.56962778882873,31.183977644708893,32.22274864518088,32.226717407524966,32.24547123043899,32.2340468150355,32.36655286360483,32.051846480267656,32.178473395833066,32.29874967131689,32.36690692878236,32.05009566385266
Q9UKT9,30.595379089579115,30.8516417868686,29.560909661589257,30.378264533449837,30.787094378484262,31.024205210976096,30.492239970602554,30.46137934817934,31.15766250381167,31.164440451946803,30.331300039623127,30.517850626486503,30.7889798450732,30.82012576094575,29.186268942987983,30.887067994010973,31.0896636727348,31.026624313683687,30.37218628720538,30.90761966799744,30.523762230390123,30.385939969056867,30.10400009101221,30.68440395576468,30.95003088691097,30.89142246725581,29.79735831632724,30.51704467066165,30.910324549441693,30.69246648247444,30.87805767014039,30.813867961031622,30.40908108862102,30.46168827286351,29.53083052003332,31.062660459240117,30.710446906708896,30.76584513904828,30.391645435668867,30.290751245694228,30.273857926437827,30.58118658439365,30.540537711294604,31.2129941803842,30.883247598066397,30.40026193212364,30.671009416398164,30.27711051972045,30.63735555055651,30.448560935886068,29.772627272991222,30.952478707499857,30.623931193423303,30.810692124427337,29.35994279826212,30.653729151573454,31.05068611304812,30.69632471530776,30.591066930979828,30.93483218066626,31.50748614828267,30.57012145575004,29.80287936587191,31.027588064785963,30.73279319029087,30.60301004935916,30.18858626307989,30.51236726367899,30.822291777180503,30.51685032965131,30.35037663435813,30.56298074117135
Q9UMS4,33.33209648046669,33.452268914118804,33.118016042909275,33.49844747347238,33.52765336781889,33.277191370893306,33.00995926365317,33.302814390926805,33.41593942264015,33.416144506560286,33.259056464539306,33.52012484869698,33.336772589197935,32.8613620171118,33.380865708145336,33.59760218712816,33.45805695848872,33.32765059047206,33.319255782320575,33.4346838391605,33.297642414302494,33.578740083065945,33.22281901000471,33.53778919852493,33.24697504276007,33.36789656952383,33.53720237883145,33.39106004795322,33.25049134686767,33.38388599550909,33.29081564507743,33.793492151172856,33.274996377522164,33.46506252656389,33.183358364136964,33.38295483581992,33.51096368363163,33.40218377664704,33.24527901092043,33.51148647206912,33.45593723965623,33.38761269236091,33.363546565646104,33.415519635731684,33.42929685012203,33.6006476673204,32.96489020797682,33.42653582562116,33.48791717722534,33.49870462790332,33.16090686143264,33.274787400440346,33.61842221014735,33.45663630924866,33.23147006666442,33.203634927012104,33.5350072654926,33.207232880321854,33.31845188844811,33.43524730911083,33.444284880951855,33.23952032217213,33.48202720420599,33.2686305518688,33.57231119574774,33.21639295712482,33.20348446515413,33.56998432186789,33.25185479827373,33.140196752579364,33.145306295275226,33.70681590603995
Q9Y5B9,33.638388606220154,33.64639457110308,33.60583231297846,33.73205623417098,33.84733661367275,33.56935203707749,33.29666925471343,33.91095640380192,33.68348889855132,33.71621039904021,33.44155399887904,33.4486861641785,33.696868823010206,33.56058532842226,33.333875489469314,34.00857806504048,33.6871484931401,33.531889791115006,33.65437754800994,33.60754248010107,33.782778395987165,33.525305841358374,33.47345716795976,33.7226668630537,33.79118816076687,33.6006557993548,33.55192541096668,33.824504117784166,33.750599320367584,33.470307326958284,33.4633415251249,33.658887439215086,33.696186318419706,33.55185001005673,33.54649739609336,33.86747314231314,33.799455302606624,33.47452810289333,33.727280322777446,33.792101033107464,33.775832684524644,33.56430365475324,33.576755472436304,33.65991108197064,33.826514314199216,33.363079456878495,33.39532398242632,33.58043247073746,33.69530213650568,33.44869309264211,33.38378713466462,33.80564580482912,33.637853640818385,33.426008474000945,33.61398890348028,33.843144458466696,33.61189248878683,33.65161300964557,33.513257845686624,33.905813026717304,33.61569437123677,33.551148041343,33.501003198140246,33.89964798572086,33.675518833382654,33.61362604809834,33.508990507896435,33.868658929323054,33.80089766568838,33.52382989523343,33.54846356640733,33.61385161731925
