technology,comparison,n_proteins,expected_log2_fc,observed_median_log2_fc,rmse,bias,compression_ratio,false_positive_rate,false_positives
tmt,QY_10pct_vs_QY_3pct_yeast,1115,1.584962500721156,1.5708980952354896,0.3246167858423051,-0.09473144807933555,0.9911263481127994,,
tmt,QY_10pct_vs_QY_3pct_human,6951,0.0,-0.019479505089144845,0.06430385919021787,,,0.0,0.0
tmt,QY_10pct_vs_QY_5pct_yeast,1116,1.0,1.1340618400122744,0.22783696595809672,0.06984714430610803,1.1340618400122744,,
tmt,QY_10pct_vs_QY_5pct_human,6951,0.0,-0.0026995217323777195,0.05419781946326856,,,0.0,0.0
tmt,QY_5pct_vs_QY_3pct_yeast,1115,0.5849625007211562,0.44154645012961846,0.1989025438009538,-0.16484933427891535,0.7548286421527348,,
tmt,QY_5pct_vs_QY_3pct_human,6950,0.0,-0.015696402220817265,0.0443294996408458,,,0.0,0.0
lfq,QY_10pct_vs_QY_3pct_yeast,424,1.584962500721156,1.5627299475685017,0.6646310894524546,-0.2245914891091887,0.9859728207181314,,
lfq,QY_10pct_vs_QY_3pct_human,5001,0.0,-0.024732558085084764,0.3097263244659814,,,0.015396920615876825,77.0
lfq,QY_10pct_vs_QY_5pct_yeast,513,1.0,1.0336082888111116,0.521566908650595,-0.12194384709961212,1.0336082888111116,,
lfq,QY_10pct_vs_QY_5pct_human,4960,0.0,-0.02865564728961592,0.31158735045363195,,,0.018145161290322582,90.0
lfq,QY_5pct_vs_QY_3pct_yeast,414,0.5849625007211562,0.5270707878989729,0.39834168397501857,-0.14173543835794417,0.9010334632548018,,
lfq,QY_5pct_vs_QY_3pct_human,5125,0.0,0.002215040548421304,0.27394794619529356,,,0.010926829268292682,56.0
