technology,quant_method,imputation,n_proteins,n_proteins_total,pct_complete,pct_missing,within_cv,fc_rmse,pct_good_cv
tmt,sum,none,9497,9507,99.89481434732302,0.03824932824617268,0.03284045939595218,0.4104179384092101,99.00670387139799
tmt,sum,knn,9507,9507,100.0,0.0,0.03291237874194637,0.4132930618297152,98.93762490796256
tmt,sum,min,9507,9507,100.0,0.0,0.03291234844824898,0.4117253226720068,98.92009396584972
tmt,sum,median,9507,9507,100.0,0.0,0.03290049951523541,0.5970667593366151,98.92009396584972
tmt,sum,mean,9507,9507,100.0,0.0,0.0329139226441923,0.6761045245573503,98.91308158900459
lfq,directlfq,none,5354,7849,68.21251114791693,13.518803785079744,0.0787266815525072,0.4913590115209046,85.18864400448263
lfq,directlfq,knn,7849,7849,100.0,0.0,0.11062593710287476,1.1014687073913498,70.08111436701066
lfq,directlfq,min,7849,7849,100.0,0.0,0.10377889206306147,2.5386599913512047,66.61145793519344
lfq,directlfq,median,7849,7849,100.0,0.0,0.10588997806492459,1.7440458541773889,66.90448889455133
lfq,directlfq,mean,7849,7849,100.0,0.0,0.11511205559018262,2.676165582452228,65.87675712404976
