technology,quant_method,sample_norm,post_norm,n_proteins,n_yeast,n_human,within_cv,overall_cv,var_explained,fc_rmse,fc_bias,pct_good_cv
tmt,sum,none,none,9506,1491,8015,0.05030722274968106,0.07305806667634093,85.32069215249192,0.3584643227314921,-0.14942305478198523,98.88471925086803
tmt,sum,none,quantile,9506,1491,8015,0.05030722274968106,0.07305806667634093,85.32069215249192,0.3584643227314921,-0.14942305478198523,98.88471925086803
tmt,sum,none,median_center,9506,1491,8015,0.03289050113655423,0.07287703916604485,91.00827994531122,0.41206461791606513,-0.24076282420499215,98.96889138287798
tmt,sum,globalmedian,none,9506,1491,8015,0.03289050113655443,0.07287704621853901,91.00828559109992,0.41206461263112376,-0.2407628230872577,98.96889138287798
tmt,sum,globalmedian,quantile,9506,1491,8015,0.03289050113655443,0.07287704621853901,91.00828559109992,0.41206461263112376,-0.2407628230872577,98.96889138287798
tmt,sum,globalmedian,median_center,9506,1491,8015,0.032890501136553674,0.07287703916604493,91.00827994531127,0.4120646179160645,-0.2407628242049914,98.96889138287798
tmt,sum,conditionmedian,none,9506,1491,8015,0.03289050113655436,0.07034243906244139,92.22825984459685,0.3619568643110924,-0.15078386173054462,98.96889138287798
tmt,sum,conditionmedian,quantile,9506,1491,8015,0.03289050113655436,0.07034243906244139,92.22825984459685,0.3619568643110924,-0.15078386173054462,98.96889138287798
tmt,sum,conditionmedian,median_center,9506,1491,8015,0.032890501136554506,0.0728770391660448,91.00827994531116,0.4120646179160657,-0.24076282420499293,98.96889138287798
tmt,sum,hierarchical,none,9506,1491,8015,0.07768439540852369,0.11801005323897762,75.15463295460349,0.3403565133515554,-0.05742396238675051,98.32357170413496
tmt,sum,hierarchical,quantile,9506,1491,8015,0.07768439540852369,0.11801005323897762,75.15463295460349,0.3403565133515554,-0.05742396238675051,98.32357170413496
tmt,sum,hierarchical,median_center,9506,1491,8015,0.03289050113655424,0.07287703916604409,91.00827994531106,0.4120646179160638,-0.24076282420499,98.96889138287798
tmt,sum,tmm,none,9506,1491,8015,0.04705504620844646,0.06620889817145151,87.16565082966011,0.3268964337553174,-0.061024789653580824,98.87419773436677
tmt,sum,tmm,quantile,9506,1491,8015,0.04705504620844646,0.06620889817145151,87.16565082966011,0.3268964337553174,-0.061024789653580824,98.87419773436677
tmt,sum,tmm,median_center,9506,1491,8015,0.03289050113655347,0.07287703916604484,91.00827994531123,0.4120646179160657,-0.24076282420499295,98.96889138287798
lfq,directlfq,none,none,7488,882,6606,0.0919822178766613,0.14027676345898088,64.54241840566353,0.9254928590144907,-0.35374564235594813,76.76883964119537
lfq,directlfq,none,quantile,7488,882,6606,0.0919822178766613,0.14027676345898088,64.54241840566353,0.9254928590144907,-0.35374564235594813,76.76883964119537
lfq,directlfq,none,median_center,7488,882,6606,0.0942851661522127,0.1435630171314646,64.89406485314643,0.9559520497723931,-0.42012564194559054,76.65851201611743
lfq,directlfq,globalmedian,none,7488,882,6606,0.094285211656317,0.14356302684943975,64.89406135492287,0.9559520373230834,-0.4201256168014139,76.65851201611743
lfq,directlfq,globalmedian,quantile,7488,882,6606,0.094285211656317,0.14356302684943975,64.89406135492287,0.9559520373230834,-0.4201256168014139,76.65851201611743
lfq,directlfq,globalmedian,median_center,7488,882,6606,0.09428516615221269,0.14356301713146463,64.8940648531466,0.9559520497723931,-0.42012564194559054,76.65851201611743
lfq,directlfq,conditionmedian,none,7488,882,6606,0.09428521165631695,0.14097352236540167,63.47860315622192,0.9298282027147093,-0.36513586100661244,76.65851201611743
lfq,directlfq,conditionmedian,quantile,7488,882,6606,0.09428521165631695,0.14097352236540167,63.47860315622192,0.9298282027147093,-0.36513586100661244,76.65851201611743
lfq,directlfq,conditionmedian,median_center,7488,882,6606,0.09428516615221272,0.14356301713146463,64.89406485314653,0.9559520497723931,-0.42012564194559054,76.65851201611743
lfq,directlfq,hierarchical,none,7488,882,6606,0.09288587732556813,0.14441323218753788,69.68764004377827,0.8979432138343659,-0.28297714958512726,76.64891830958891
lfq,directlfq,hierarchical,quantile,7488,882,6606,0.09288587732556813,0.14441323218753788,69.68764004377827,0.8979432138343659,-0.28297714958512726,76.64891830958891
lfq,directlfq,hierarchical,median_center,7488,882,6606,0.0942851661522132,0.1435630171314642,64.89406485314619,0.9559520497723929,-0.42012564194558993,76.65851201611743
lfq,directlfq,tmm,none,7488,882,6606,0.09318890802322836,0.142801537593575,61.14195539850904,0.9077664672251685,-0.30921878833694577,76.81680817383796
lfq,directlfq,tmm,quantile,7488,882,6606,0.09318890802322836,0.142801537593575,61.14195539850904,0.9077664672251685,-0.30921878833694577,76.81680817383796
lfq,directlfq,tmm,median_center,7488,882,6606,0.09428516615221408,0.14356301713146447,64.89406485314643,0.9559520497723927,-0.4201256419455895,76.65851201611743
