technology,min_length,max_missed_cleavages,min_unique_peptides,filter_combo,n_peptides,n_peptides_orig,pct_peptides_kept,n_proteins,within_cv,fc_rmse,pct_good_cv
tmt,7,2,1,len≥7_mc≤2_pep≥1,880840,930162,94.69748280407069,9475,0.033428664346418696,0.40064564177422124,98.926812104152
tmt,7,2,2,len≥7_mc≤2_pep≥2,864468,930162,92.9373592987028,7984,0.029806664645698387,0.32175421157720474,99.6618236472946
tmt,7,2,3,len≥7_mc≤2_pep≥3,838642,930162,90.16085370075321,6808,0.02741677419022883,0.26967282207713317,99.77967097532316
tmt,7,1,1,len≥7_mc≤1_pep≥1,879479,930162,94.55116420580501,9473,0.033424353581163614,0.39944430809172815,98.9301048778771
tmt,7,1,2,len≥7_mc≤1_pep≥2,863093,930162,92.78953558627421,7981,0.029860905399074614,0.3207578911487249,99.66169652925699
tmt,7,1,3,len≥7_mc≤1_pep≥3,837245,930162,90.01066480892575,6804,0.0274748240272343,0.266787467756297,99.77954144620811
tmt,7,0,1,len≥7_mc=0_pep≥1,824958,930162,88.6897121146639,9419,0.033855661358366644,0.38971654072941625,98.86741700290224
tmt,7,0,2,len≥7_mc=0_pep≥2,808007,930162,86.86734138784426,7876,0.030316605933189335,0.3092379398802999,99.65295412222787
tmt,7,0,3,len≥7_mc=0_pep≥3,781038,930162,83.96795396930857,6648,0.027878476516921713,0.2701187658587685,99.76935419173685
tmt,8,2,1,len≥8_mc≤2_pep≥1,781847,930162,84.05492806629383,9371,0.03520333688231396,0.39612966898679275,98.73696943821824
tmt,8,2,2,len≥8_mc≤2_pep≥2,763887,930162,82.12408161159024,7735,0.03150638261463496,0.3282988532907905,99.5862960568843
tmt,8,2,3,len≥8_mc≤2_pep≥3,736668,930162,79.19781715443116,6496,0.028747763260997324,0.26993498665050236,99.76395730706076
tmt,8,1,1,len≥8_mc≤1_pep≥1,780486,930162,83.90860946802815,9369,0.03517296650746134,0.3951475736392693,98.7544927226789
tmt,8,1,2,len≥8_mc≤1_pep≥2,762501,930162,81.97507530946223,7731,0.03148121255145942,0.32760129043063196,99.59470529901263
tmt,8,1,3,len≥8_mc≤1_pep≥3,735282,930162,79.04881085230315,6492,0.028682142235766615,0.2662040130496418,99.75354282193469
tmt,8,0,1,len≥8_mc=0_pep≥1,729265,930162,78.40193428671564,9302,0.036142090700955073,0.39377995012026307,98.71335388144219
tmt,8,0,2,len≥8_mc=0_pep≥2,710660,930162,76.40174507236374,7608,0.031758925509444105,0.32192452417596346,99.57939011566772
tmt,8,0,3,len≥8_mc=0_pep≥3,682320,930162,73.35496397401742,6318,0.0290094912894434,0.2587866075102856,99.741479371109
tmt,9,2,1,len≥9_mc≤2_pep≥1,670947,930162,72.13227373296264,9154,0.03773461229426718,0.39737512885269727,98.52855477855478
tmt,9,2,2,len≥9_mc≤2_pep≥2,651098,930162,69.9983443744208,7346,0.03309884782103997,0.3227370208009994,99.48724929666939
tmt,9,2,3,len≥9_mc≤2_pep≥3,623088,930162,66.98704096705735,6071,0.030595999339369555,0.2599197954413105,99.65409323011036
tmt,9,1,1,len≥9_mc≤1_pep≥1,669641,930162,71.9918680831941,9151,0.03777721063611035,0.3958699781143873,98.53171567020075
tmt,9,1,2,len≥9_mc≤1_pep≥2,649800,930162,69.85879878988821,7344,0.03315863379546791,0.32150726218625697,99.48257080610023
tmt,9,1,3,len≥9_mc≤1_pep≥3,621724,930162,66.84039984432819,6066,0.030614695159004057,0.25681885474385396,99.6318276733707
tmt,9,0,1,len≥9_mc=0_pep≥1,623015,930162,66.97919287177932,9077,0.038332573548163315,0.39231648966083366,98.46108642156682
tmt,9,0,2,len≥9_mc=0_pep≥2,602367,930162,64.75936449779715,7197,0.033752160026174684,0.31572910554111977,99.45810754481033
tmt,9,0,3,len≥9_mc=0_pep≥3,572862,930162,61.5873363994659,5854,0.03048766517111911,0.25191436754492363,99.6014121398474
lfq,7,2,1,len≥7_mc≤2_pep≥1,440631,442449,99.58910518500439,7574,0.19119505349395963,1.0494452293994432,51.716748416591265
lfq,7,2,2,len≥7_mc≤2_pep≥2,433363,442449,97.94642998402075,6683,0.19532518994494627,1.0144917310752788,50.82147918744423
lfq,7,2,3,len≥7_mc≤2_pep≥3,421073,442449,95.1687087099304,5636,0.18553430418132424,0.9491515632110931,52.93012544694261
lfq,7,1,1,len≥7_mc≤1_pep≥1,440285,442449,99.51090408160036,7569,0.19137001793373526,1.0491047504506523,51.6939057511793
lfq,7,1,2,len≥7_mc≤1_pep≥2,432998,442449,97.86393460037202,6676,0.19533478639341276,1.0150881958764268,50.8038247346853
lfq,7,1,3,len≥7_mc≤1_pep≥3,420729,442449,95.09095963602586,5632,0.18570961668268504,0.9487178368602436,52.92619321972224
lfq,7,0,1,len≥7_mc=0_pep≥1,421173,442449,95.19131018490266,7529,0.19071237147436665,1.0247916016833885,51.8186610437533
lfq,7,0,2,len≥7_mc=0_pep≥2,413541,442449,93.46636561502004,6593,0.19544611084850178,0.9925707650812343,50.80546546865862
lfq,7,0,3,len≥7_mc=0_pep≥3,400663,442449,90.55574766809282,5526,0.18593771476815885,0.943453644858424,52.81829419035847
lfq,8,2,1,len≥8_mc≤2_pep≥1,424214,442449,95.878621038809,7535,0.1908870463079176,1.0438223025828508,51.67640578599483
lfq,8,2,2,len≥8_mc≤2_pep≥2,416571,442449,94.15119030667941,6600,0.19560995331148076,1.0127244980715244,50.79710915081305
lfq,8,2,3,len≥8_mc≤2_pep≥3,404183,442449,91.35131958711625,5550,0.18538980694427548,0.9481544902542023,52.862595419847324
lfq,8,1,1,len≥8_mc≤1_pep≥1,423868,442449,95.80041993540497,7530,0.19103094813634955,1.0436124955977146,51.68463934819075
lfq,8,1,2,len≥8_mc≤1_pep≥2,416195,442449,94.06620876078374,6592,0.1956402279783796,1.0134730078446583,50.79001968399213
lfq,8,1,3,len≥8_mc≤1_pep≥3,403855,442449,91.27718674920725,5546,0.1850930489646882,0.9474698480369205,52.87051866453123
lfq,8,0,1,len≥8_mc=0_pep≥1,404987,442449,91.53303544589319,7487,0.19075808645894854,1.021448309423687,51.7695274831244
lfq,8,0,2,len≥8_mc=0_pep≥2,396925,442449,89.71090453362987,6503,0.19571453931821153,0.9932639317136885,50.840698426385
lfq,8,0,3,len≥8_mc=0_pep≥3,384077,442449,86.80706702919433,5439,0.1851995915620279,0.9419460669787327,52.77271870878604
lfq,9,2,1,len≥9_mc≤2_pep≥1,392542,442449,88.72028188559585,7430,0.1911350905326909,1.0162844641039819,51.67905914370413
lfq,9,2,2,len≥9_mc≤2_pep≥2,384457,442449,86.8929526340889,6450,0.19585326788844054,1.0024403960575465,50.856676638564046
lfq,9,2,3,len≥9_mc≤2_pep≥3,371481,442449,83.96018524168886,5373,0.18502824486603983,0.9317751587319117,53.064987918097415
lfq,9,1,1,len≥9_mc≤1_pep≥1,392198,442449,88.64253281169128,7424,0.19120626090246529,1.016367780252984,51.69730570956133
lfq,9,1,2,len≥9_mc≤1_pep≥2,384097,442449,86.81158732418878,6443,0.19569137833874226,1.0022310298402826,50.879294386671745
lfq,9,1,3,len≥9_mc≤1_pep≥3,371140,442449,83.88311421203348,5368,0.1848993931342883,0.9315113346768507,53.13434735569273
lfq,9,0,1,len≥9_mc=0_pep≥1,373848,442449,84.49516215428218,7377,0.1902931156563487,0.993782628332942,51.83571568435481
lfq,9,0,2,len≥9_mc=0_pep≥2,365301,442449,82.5634140884034,6346,0.19580389312485338,0.9821846470732749,50.77348066298343
lfq,9,0,3,len≥9_mc=0_pep≥3,351783,442449,79.50814670165374,5248,0.1852915139970941,0.9259699848634856,52.922035663152414
