sample,condition,observed_peptides,missing_peptides,missing_rate
HYE LFQ 01,Y10,38999,19804,0.3367855381528153
HYE LFQ 02,Y10,41585,17218,0.29280819005833036
HYE LFQ 03,Y10,42966,15837,0.26932299372480994
HYE LFQ 04,Y5,42260,16543,0.2813291838851759
HYE LFQ 05,Y5,42459,16344,0.27794500280597934
HYE LFQ 06,Y5,42690,16113,0.27401663180449976
HYE LFQ 07,Y5,42231,16572,0.2818223560022448
HYE LFQ 08,Y3.3,41997,16806,0.2858017448089383
HYE LFQ 09,Y3.3,42626,16177,0.27510501164906553
HYE LFQ 10,Y3.3,42104,16699,0.283982109756305
HYE LFQ 11,Y3.3,42435,16368,0.2783531452476914
