technology,method,n_proteins,overall_cv_median,overall_cv_mean,within_cv_median,within_cv_mean,pct_excellent,pct_good
tmt,sum,9507,0.07305806667634093,0.1335352423635567,0.05030722274968106,0.05717874065767101,90.66390769122856,98.88471925086803
tmt,top3,9507,0.07613544838052051,0.13640659668097632,0.052894702091830004,0.06054869207064355,89.51355522042577,98.66727457650896
tmt,top5,9507,0.07427400212358606,0.1349720552769737,0.051255625039148704,0.05891625922910097,90.11678883316382,98.72689650334935
tmt,top10,9507,0.07340891930844393,0.13421680075407713,0.05054375145905068,0.058029501778459544,90.28162592501666,98.73391084768352
tmt,maxlfq,8068,0.034791815158594495,0.09910863346175644,0.028527174870350613,0.035680883369659445,97.10282691353943,99.70656306827574
tmt,directlfq,9506,0.03946559916697124,0.1112197767017417,0.03194116941248449,0.04323188289240445,93.46964542489391,98.97941289937923
lfq,sum,8288,0.3124996393903521,0.4112951654894189,0.22975606062776793,0.3147818363420544,18.319637291017283,43.340889770473225
lfq,top3,8288,0.2669409718344423,0.37333246091728833,0.20464944970966475,0.283254526811865,20.969113063190704,48.767356191555685
lfq,top5,8288,0.25640850470852317,0.36083263331151133,0.20107679261912334,0.27454353771499446,21.124964579200906,49.77330688580334
lfq,top10,8288,0.24807577738233616,0.35321063540001085,0.19791224972741042,0.26994913729601083,21.120241805988478,50.55256446585435
lfq,maxlfq,6205,0.1045784355206182,0.171817015583143,0.07350787002260732,0.11485480336298035,63.7820312987094,86.1337988652659
lfq,directlfq,7849,0.1449896610245036,0.23832089246215538,0.09234520033985019,0.16177047440166387,53.097471548973864,76.54873577448693
