technology,method,n_proteins,ref_sample,factor_min,factor_max,factor_std,cv_before,cv_after,cv_improvement_pct,pct_good_before,pct_good_after,overall_cv_before,overall_cv_after
tmt,sum,9506,3,0.9374102240079818,1.0452994094103287,0.03957734051006065,0.05030722274968106,0.04705504620844646,6.464631445501967,98.88471925086803,98.87419773436677,0.07305806667634093,0.06620889817145151
tmt,top3,9506,1,0.9262213645086493,1.0510867323412236,0.04726107850843403,0.052894702091830004,0.04904633033025143,7.275533483291865,98.66727457650896,98.65324588784064,0.07613544838052051,0.07029528335025786
tmt,top5,9506,3,0.9263278573931385,1.0518455912657512,0.04689659421234293,0.051255625039148704,0.047679803135589865,6.976447757348876,98.72689650334935,98.72338933118226,0.07427400212358606,0.0686662290216522
tmt,top10,9506,1,0.9239333246612909,1.0503860732332535,0.048404253617878125,0.05054375145905068,0.04716602985022184,6.682767921501401,98.73391084768352,98.74443236418475,0.07340891930844393,0.06796772136100145
tmt,maxlfq,8067,5,0.9418927481108004,1.0334635995651629,0.036327073087283675,0.028527174870350613,0.029150012109873013,-2.1833120256494034,99.70656306827574,99.69003141015044,0.034790755451948055,0.04789212612148005
tmt,ibaq,9502,1,0.917279490325834,1.0567359207316234,0.052309155238802654,0.05030476367440968,0.04675607859722972,7.054371828776134,98.89126697308866,98.87372372899196,0.07305572144814744,0.06894764362395316
lfq,sum,7579,5,0.9647149058499139,1.0242084882710947,0.020663899009243442,0.22938238083395213,0.22964456747618958,-0.11430112517109578,43.39470053755768,43.37091479948623,0.31202197978919755,0.3105169827520239
lfq,top3,7579,5,0.9477765530294405,1.0251094262815532,0.02553752684784123,0.2043014947604764,0.21667994146622707,-6.058911473096754,48.85114885114885,46.16811759668902,0.2657455879567167,0.2690202767395961
lfq,top5,7579,5,0.9525495459745389,1.0286815057936232,0.024623546854437676,0.20058068267568668,0.21055445324664615,-4.972448212815079,49.86442129299272,47.53341896199039,0.25499398032312276,0.2590492296133337
lfq,top10,7579,5,0.9514014959611451,1.037036354714564,0.025980062594325733,0.1976251356028951,0.20503912027647764,-3.7515393226497675,50.649350649350644,48.90347747490605,0.24637396311366297,0.24884826016438255
lfq,maxlfq,5727,5,0.9467452510041336,1.035234158830177,0.027109754819071897,0.07315502186808145,0.07479413294548737,-2.240599531720023,86.36506638142578,86.32731391178507,0.10221408710975652,0.10444947066668964
lfq,directlfq,7488,6,0.9520936266958163,1.0382068212100215,0.02561616828982476,0.0919822178766613,0.09318890802322836,-1.3118732885796556,76.76883964119537,76.81680817383796,0.14027676345898088,0.142801537593575
lfq,ibaq,7578,5,0.950910723470871,1.0352843815355615,0.029943256984855976,0.22942932861684717,0.23046711629068084,-0.452334355023459,43.38931442980161,43.24182882154241,0.31205401995445003,0.3100515428118056
