,PMID22068331.1,PMID22068331.2,PMID22068331.3,PXD000269,PXD000396,PXD001305,PXD004452,PXD004940,PXD005481,PXD009273.1,PXD009875,PXD010150,PXD013658.1,PXD013658.2,PXD014058,PXD030406,PXD039414,PXD007683-TMT,PXD007683-LFQ
PMID22068331.1,1.0,0.09017591452155596,0.13521339219831827,0.5065495782271504,0.4297755506049779,0.4209275681641094,0.35593399796056496,0.47725235603175437,0.44572724926768725,0.4764100243280913,0.2808733442909081,0.4585417281557303,0.5361151971401598,0.5059201871057832,0.3679455977457546,0.47626097658342625,0.3948667003174781,0.3858058071063238,0.47017664575529633
PMID22068331.2,0.09017591452155596,1.0,0.45964864807242156,0.21419381260578277,0.10906728598602373,0.14304460723225282,0.13288448506150427,0.12455239820589341,0.08852194813261828,0.11470675280234889,0.07934085161057511,0.14198067641133935,0.20794706275906516,0.2598412467378546,0.19440608403889525,0.17602352176718872,0.09254881566216579,0.18155028840958715,0.1436507636565161
PMID22068331.3,0.13521339219831827,0.45964864807242156,1.0,0.31145126558934666,0.2642049289727947,0.23582752150895284,0.20533359539024731,0.26232769598086353,0.2728792022304638,0.25462193613047845,0.1700280844482586,0.26817571928824935,0.2907032317524672,0.33165925778766037,0.23958837551420553,0.30244259818550256,0.23627167879005778,0.2645291349154535,0.25950367735384
PXD000269,0.5065495782271504,0.21419381260578277,0.31145126558934666,1.0,0.6982795395530027,0.6387489387480312,0.5315061887570364,0.7808247630478192,0.6585895069748557,0.6804363011648231,0.42316106958051924,0.7106041174359888,0.803636789693104,0.8069949581274135,0.5412657988451218,0.7604471266606074,0.6473811241581017,0.6196045308619678,0.7113601710185076
PXD000396,0.4297755506049779,0.10906728598602373,0.2642049289727947,0.6982795395530027,1.0,0.6919093136361057,0.5471617785779348,0.7862625564497266,0.7679339161096507,0.7910918329617231,0.6714087776287779,0.7304136242846544,0.6915817347489036,0.6657032309386977,0.35562044194648984,0.7951504891291872,0.7635640141699266,0.4468337759687806,0.6839079672126345
PXD001305,0.4209275681641094,0.14304460723225282,0.23582752150895284,0.6387489387480312,0.6919093136361057,1.0,0.4795798087690991,0.6756431791309173,0.7008507990126571,0.6557680557703173,0.43504240609762534,0.6188791439985917,0.5946359977153475,0.604745935859992,0.4176347457957778,0.6676959674832021,0.6726510721667941,0.46573870920823646,0.6057928648432265
PXD004452,0.35593399796056496,0.13288448506150427,0.20533359539024731,0.5315061887570364,0.5471617785779348,0.4795798087690991,1.0,0.586877107714954,0.5865957712676125,0.5562205685742758,0.3644909578107516,0.5149778223931639,0.4693522196919431,0.5113481086402001,0.30989612131837113,0.5787547198091427,0.5611456700044133,0.42233476679104004,0.5530952318367354
PXD004940,0.47725235603175437,0.12455239820589341,0.26232769598086353,0.7808247630478192,0.7862625564497266,0.6756431791309173,0.586877107714954,1.0,0.7869538580624328,0.7707786897575302,0.49774712693005396,0.7843162751706576,0.7389886513010393,0.7112575534743681,0.45441979213516565,0.8104728876730327,0.7961755792875621,0.5360387976123627,0.7340291980253993
PXD005481,0.44572724926768725,0.08852194813261828,0.2728792022304638,0.6585895069748557,0.7679339161096507,0.7008507990126571,0.5865957712676125,0.7869538580624328,1.0,0.7771552612019172,0.641012272656238,0.7582329587919212,0.6945400264333879,0.6170819952255343,0.35915241701776796,0.7776559289242768,0.754176823500002,0.4464106701056842,0.7052582934244148
PXD009273.1,0.4764100243280913,0.11470675280234889,0.25462193613047845,0.6804363011648231,0.7910918329617231,0.6557680557703173,0.5562205685742758,0.7707786897575302,0.7771552612019172,1.0,0.5357044258179037,0.7201843149743831,0.6678770227186578,0.6432739073313236,0.36389620296633357,0.7776609358333775,0.7999238715002421,0.4736273025322579,0.7009572280938788
PXD009875,0.2808733442909081,0.07934085161057511,0.1700280844482586,0.42316106958051924,0.6714087776287779,0.43504240609762534,0.3644909578107516,0.49774712693005396,0.641012272656238,0.5357044258179037,1.0,0.46394039641871954,0.4042141315833058,0.3759223603548072,0.21471162559125992,0.5306869086884394,0.7758786492281251,0.28576943777878294,0.4153601210528891
PXD010150,0.4585417281557303,0.14198067641133935,0.26817571928824935,0.7106041174359888,0.7304136242846544,0.6188791439985917,0.5149778223931639,0.7843162751706576,0.7582329587919212,0.7201843149743831,0.46394039641871954,1.0,0.6822334076234492,0.6578959597754366,0.44019260615690314,0.7500350815309543,0.7363851036998447,0.5454027742367823,0.6859466347071357
PXD013658.1,0.5361151971401598,0.20794706275906516,0.2907032317524672,0.803636789693104,0.6915817347489036,0.5946359977153475,0.4693522196919431,0.7389886513010393,0.6945400264333879,0.6678770227186578,0.4042141315833058,0.6822334076234492,1.0,0.8205583687395903,0.5666279176270931,0.7250995202741655,0.679514037826333,0.5744402459130087,0.6944161243068377
PXD013658.2,0.5059201871057832,0.2598412467378546,0.33165925778766037,0.8069949581274135,0.6657032309386977,0.604745935859992,0.5113481086402001,0.7112575534743681,0.6170819952255343,0.6432739073313236,0.3759223603548072,0.6578959597754366,0.8205583687395903,1.0,0.5493671855821183,0.7247203115966884,0.5766972476858601,0.5854094614179427,0.6650785104587458
PXD014058,0.3679455977457546,0.19440608403889525,0.23958837551420553,0.5412657988451218,0.35562044194648984,0.4176347457957778,0.30989612131837113,0.45441979213516565,0.35915241701776796,0.36389620296633357,0.21471162559125992,0.44019260615690314,0.5666279176270931,0.5493671855821183,1.0,0.4350114223294377,0.2738833431483905,0.42642726346645476,0.46654626941269467
PXD030406,0.47626097658342625,0.17602352176718872,0.30244259818550256,0.7604471266606074,0.7951504891291872,0.6676959674832021,0.5787547198091427,0.8104728876730327,0.7776559289242768,0.7776609358333775,0.5306869086884394,0.7500350815309543,0.7250995202741655,0.7247203115966884,0.4350114223294377,1.0,0.7287607533632704,0.5233705082784352,0.7170897103101054
PXD039414,0.3948667003174781,0.09254881566216579,0.23627167879005778,0.6473811241581017,0.7635640141699266,0.6726510721667941,0.5611456700044133,0.7961755792875621,0.754176823500002,0.7999238715002421,0.7758786492281251,0.7363851036998447,0.679514037826333,0.5766972476858601,0.2738833431483905,0.7287607533632704,1.0,0.3817614431431313,0.6668965421677601
PXD007683-TMT,0.3858058071063238,0.18155028840958715,0.2645291349154535,0.6196045308619678,0.4468337759687806,0.46573870920823646,0.42233476679104004,0.5360387976123627,0.4464106701056842,0.4736273025322579,0.28576943777878294,0.5454027742367823,0.5744402459130087,0.5854094614179427,0.42642726346645476,0.5233705082784352,0.3817614431431313,1.0,0.6128262916115582
PXD007683-LFQ,0.47017664575529633,0.1436507636565161,0.25950367735384,0.7113601710185076,0.6839079672126345,0.6057928648432265,0.5530952318367354,0.7340291980253993,0.7052582934244148,0.7009572280938788,0.4153601210528891,0.6859466347071357,0.6944161243068377,0.6650785104587458,0.46654626941269467,0.7170897103101054,0.6668965421677601,0.6128262916115582,1.0
