ProteinName,MAD,IQR,Range,Mean,Std,N_datasets
P60709,4.553447474183363,7.851630140666952,14.84383841417457,21.294446440194868,4.952468138121705,16
P07437,2.225313375399061,4.531202419987125,17.45119694341651,22.77371112023762,5.094641615540895,19
P68371,2.253949290054205,5.434613370828359,17.4348276477577,22.881481741043373,5.376482911471647,19
P04406,2.2247558271291545,4.497365078198861,15.88737179389143,23.304256417077436,4.723423729884514,19
P06733,2.2609444099699303,4.804343892113529,16.36050775397968,22.90478649550105,4.79031607962778,19
P07355,2.316106724035034,4.615299712511447,15.104628023242347,22.137854535686845,4.763361200472802,19
P08238,2.247099181043925,3.751510066858277,17.089049737277776,21.651140912689772,4.758130393891847,19
P14625,2.051453811208283,4.435667247606759,16.03722713467394,20.7127456121535,4.8006339479480635,19
P11142,2.1753579312964533,5.074024945615072,16.217908247883535,21.740426995570868,4.8456208585732385,19
P62258,2.5792034780036524,5.518292146976247,15.845983201479948,21.925144159087562,4.82734357036046,19
P31946,1.7251047865273499,4.682823175161722,16.41510468597376,21.728992043224675,4.79697780282039,19
P63104,2.494059743817303,5.140660253364167,16.328848349592437,22.31612362591841,4.869617581813042,19
P68104,1.5139849914315526,12.262865249498082,13.829006124981278,20.226175642359813,6.280151750181787,5
P13639,1.4727446393472228,3.0932871919369482,16.46224285669275,20.951633112263988,4.679034357389363,19
P62937,3.3113445771494945,5.998051943251923,19.358490176548173,20.2935089814466,5.3892620812022045,17
P23528,2.418469011442319,5.575771638384005,16.20026870442478,23.341517670944487,4.916367226260536,19
P06748,2.7818913825694587,5.0359018947238035,17.779339320694675,23.30657106108353,4.907338570054587,19
P62805,2.6836554241394204,5.881619393503627,17.50938018809751,25.919513980720673,5.214246406013157,19
P16401,2.079226997654919,4.787852262865709,14.92309904027399,22.767349290735726,4.758336187420882,18
