,PMID22068331.1,PMID22068331.2,PMID22068331.3,PXD000269,PXD000396,PXD001305,PXD004452,PXD004940,PXD005481,PXD009273.1,PXD009875,PXD010150,PXD013658.1,PXD013658.2,PXD014058,PXD030406,PXD039414,PXD042233,PXD048325,PXD054015.1
PMID22068331.1,1.0,0.2508807340510892,0.3338014298369644,0.62691989984543,0.5809075714626184,0.5708258412501882,0.4997305801389932,0.6460059842490841,0.6065273587953101,0.6444639627197036,0.5419409471458405,0.6342306376097693,0.642333925001419,0.6143747346800476,0.44026901685166137,0.6113724980866136,0.5659095398508236,0.7050544274891505,0.6297485127748266,0.6480904289991993
PMID22068331.2,0.2508807340510892,1.0,0.19277001311441244,0.3453477753594194,0.1303791900190393,0.2369937525068661,0.3122350030036638,0.25269023774495963,0.08542003189941398,0.20467907097754906,0.18667940450697987,0.21119643708675692,0.36667243120075954,0.3768313729318667,0.2775029808717188,0.23970148991983406,0.06750211580528402,0.32920177371350706,0.3455855107508523,0.3432719191224996
PMID22068331.3,0.3338014298369644,0.19277001311441244,1.0,0.3808941854387806,0.3177045543541651,0.3326505851046462,0.2889595872208885,0.37431872842064556,0.329665227850781,0.3532189585026837,0.3224632908755558,0.3718479190997845,0.3843925839841767,0.3774306022127116,0.22685706235577296,0.34645452081856687,0.30686099812367196,0.40527115010770837,0.37587548801786075,0.3855112737976509
PXD000269,0.62691989984543,0.3453477753594194,0.3808941854387806,1.0,0.765111786043791,0.6052307691340049,0.646555547836425,0.8283157868082902,0.6828672688837104,0.7872094459208033,0.6042472778280891,0.7633111268504265,0.859678784667519,0.8139201575728039,0.5628739331774922,0.8061545306216291,0.7561202102955816,0.8167713239017418,0.8293300439997782,0.8642004812907907
PXD000396,0.5809075714626184,0.1303791900190393,0.3177045543541651,0.765111786043791,1.0,0.7032497672041902,0.4631610370823133,0.83366523497554,0.817922113036568,0.8485321372559992,0.7737597116140504,0.795225308912451,0.7619514385908863,0.7206197956351875,0.3429921813750712,0.8571664820202822,0.8205897325905643,0.8648862514315471,0.7658980157914974,0.8084142430215256
PXD001305,0.5708258412501882,0.2369937525068661,0.3326505851046462,0.6052307691340049,0.7032497672041902,1.0,0.48160311256765476,0.6255327942919475,0.7222448777675787,0.675936948194143,0.5782257133182994,0.635149842099991,0.5925527403933207,0.5750522093257933,0.4124160307843829,0.6306125945133596,0.6666636318684132,0.6996079157069067,0.584867540778525,0.5839522466965742
PXD004452,0.4997305801389932,0.3122350030036638,0.2889595872208885,0.646555547836425,0.4631610370823133,0.48160311256765476,1.0,0.5666748517455755,0.44811007792868374,0.5315718625636975,0.4224153795082477,0.5425501556332288,0.6592166251395101,0.6312574737187375,0.47398830571785605,0.5364414218869447,0.4023323793206932,0.6241709810294023,0.6254809721902004,0.6345674120592465
PXD004940,0.6460059842490841,0.25269023774495963,0.37431872842064556,0.8283157868082902,0.83366523497554,0.6255327942919475,0.5666748517455755,1.0,0.7842408100196948,0.8521498656457157,0.6822600152526451,0.8379262759171596,0.8368862625402396,0.7576174625161726,0.49264006332366667,0.8655372078805187,0.8590947239212677,0.8703997628522335,0.8002936006668756,0.893350485869886
PXD005481,0.6065273587953101,0.08542003189941398,0.329665227850781,0.6828672688837104,0.817922113036568,0.7222448777675787,0.44811007792868374,0.7842408100196948,1.0,0.8209872893980722,0.7537858039749015,0.7981547401214817,0.7316665141854989,0.6713616369166638,0.3452106645129144,0.787337852972205,0.792353294193766,0.8538163854761557,0.7257075943077299,0.7511283363263954
PXD009273.1,0.6444639627197036,0.20467907097754906,0.3532189585026837,0.7872094459208033,0.8485321372559992,0.675936948194143,0.5315718625636975,0.8521498656457157,0.8209872893980722,1.0,0.716185788178388,0.814850833245718,0.8225086103523493,0.7585926969800053,0.4211276194896032,0.8763174352655692,0.8352468666106608,0.8843735258234724,0.8065152413540055,0.8400813346864769
PXD009875,0.5419409471458405,0.18667940450697987,0.3224632908755558,0.6042472778280891,0.7737597116140504,0.5782257133182994,0.4224153795082477,0.6822600152526451,0.7537858039749015,0.716185788178388,1.0,0.6510878478832827,0.6052982501507957,0.5842257598035976,0.3430875255320271,0.6957735143954938,0.8240480367544043,0.6856077362100917,0.6076719953609804,0.6407164902963478
PXD010150,0.6342306376097693,0.21119643708675692,0.3718479190997845,0.7633111268504265,0.795225308912451,0.635149842099991,0.5425501556332288,0.8379262759171596,0.7981547401214817,0.814850833245718,0.6510878478832827,1.0,0.7699518688623255,0.6914032070099904,0.45968677728361645,0.7963541078993078,0.8376915263716047,0.8443537907494127,0.7442168013253172,0.814439726356388
PXD013658.1,0.642333925001419,0.36667243120075954,0.3843925839841767,0.859678784667519,0.7619514385908863,0.5925527403933207,0.6592166251395101,0.8368862625402396,0.7316665141854989,0.8225086103523493,0.6052982501507957,0.7699518688623255,1.0,0.8517521460925679,0.5998292006778932,0.8050255185865444,0.8233399733480566,0.7416549249632046,0.8466788726564727,0.884104837407663
PXD013658.2,0.6143747346800476,0.3768313729318667,0.3774306022127116,0.8139201575728039,0.7206197956351875,0.5750522093257933,0.6312574737187375,0.7576174625161726,0.6713616369166638,0.7585926969800053,0.5842257598035976,0.6914032070099904,0.8517521460925679,1.0,0.5584135384150009,0.7583777164411956,0.6782130778487774,0.7037652385016302,0.7898754899659999,0.7964010270468903
PXD014058,0.44026901685166137,0.2775029808717188,0.22685706235577296,0.5628739331774922,0.3429921813750712,0.4124160307843829,0.47398830571785605,0.49264006332366667,0.3452106645129144,0.4211276194896032,0.3430875255320271,0.45968677728361645,0.5998292006778932,0.5584135384150009,1.0,0.4321442188089583,0.30362495871121925,0.5380058476755424,0.5395366623576108,0.5807541031850332
PXD030406,0.6113724980866136,0.23970148991983406,0.34645452081856687,0.8061545306216291,0.8571664820202822,0.6306125945133596,0.5364414218869447,0.8655372078805187,0.787337852972205,0.8763174352655692,0.6957735143954938,0.7963541078993078,0.8050255185865444,0.7583777164411956,0.4321442188089583,1.0,0.7778899238658435,0.8629002683656349,0.8095851825216259,0.8364834153223176
PXD039414,0.5659095398508236,0.06750211580528402,0.30686099812367196,0.7561202102955816,0.8205897325905643,0.6666636318684132,0.4023323793206932,0.8590947239212677,0.792353294193766,0.8352468666106608,0.8240480367544043,0.8376915263716047,0.8233399733480566,0.6782130778487774,0.30362495871121925,0.7778899238658435,1.0,0.8249212877471601,0.7833689080163359,0.9016672704293078
PXD042233,0.7050544274891505,0.32920177371350706,0.40527115010770837,0.8167713239017418,0.8648862514315471,0.6996079157069067,0.6241709810294023,0.8703997628522335,0.8538163854761557,0.8843735258234724,0.6856077362100917,0.8443537907494127,0.7416549249632046,0.7037652385016302,0.5380058476755424,0.8629002683656349,0.8249212877471601,1.0,0.751394508881029,0.7770525696817657
PXD048325,0.6297485127748266,0.3455855107508523,0.37587548801786075,0.8293300439997782,0.7658980157914974,0.584867540778525,0.6254809721902004,0.8002936006668756,0.7257075943077299,0.8065152413540055,0.6076719953609804,0.7442168013253172,0.8466788726564727,0.7898754899659999,0.5395366623576108,0.8095851825216259,0.7833689080163359,0.751394508881029,1.0,0.8599813860537624
PXD054015.1,0.6480904289991993,0.3432719191224996,0.3855112737976509,0.8642004812907907,0.8084142430215256,0.5839522466965742,0.6345674120592465,0.893350485869886,0.7511283363263954,0.8400813346864769,0.6407164902963478,0.814439726356388,0.884104837407663,0.7964010270468903,0.5807541031850332,0.8364834153223176,0.9016672704293078,0.7770525696817657,0.8599813860537624,1.0
